,index,0
344,mh370,67
108,terrorismism,27
938,funtenna,17
865,bayelsa,17
1176,mediterran,8
932,linkury,7
648,150401,6
950,sinjar,6
73,kisii,6
384,rohingya,6
296,dorret,6
603,sittwe,5
1482,kerrick,5
15,murtala,5
1327,naved,5
1143,yobe,5
340,mansehra,5
299,episody,5
1223,detectado,4
773,waimate,4
951,yazidis,4
589,haiyan,4
21,t48,4
1042,amag,4
1426,karymsky,4
527,shantae,4
826,zouma,4
654,6aug,4
1423,0150401,4
109,8whts,3
1078,fennovoima,3
959,bluedio,3
958,yazidi,3
1084,bb4sp,3
110,idis,3
364,navbl,3
24,yugvani,3
924,humaza,3
157,aretweet,3
854,lretweet,3
908,offers2go,3
477,saddlebrooke,3
215,daesh,2
378,429cj,2
224,icymi,2
709,efak,2
1422,aogashima,2
613,gawx,2
1420,raung,2
712,glink,2
1174,c4news,2
716,zabadani,2
483,achimota,2
220,dambisa,2
374,jhaustin,2
575,losdelsonido,2
576,ivanberroa,2
703,laughterlapalooza,2
1055,magner,2
1344,1038pm,2
650,001116,2
653,06jst,2
181,offooo,2
913,pdx911,2
324,foretweet,2
318,walerga,2
909,multidimension,2
327,techesback,2
665,pakpattan,2
643,015025,2
1205,chonce,2
673,nankana,2
1367,eudrylantiqua,2
150,iclown,2
1330,pulwama,2
339,muzzamil,2
1328,metrofmtalk,2
141,laughterol,2
636,235409,2
635,renison,2
634,175225,2
633,005225,2
884,japton,2
128,dmpl,2
359,dothraki,2
937,softenza,2
179,s2g,2
1425,sixpenceee,2
1427,volcanoinrussia,2
1288,suruc,2
53,rretweet,2
757,wftv,2
242,fitnessl,2
46,211023,2
44,popularmmos,2
86,notley,2
245,skanndtyagi,2
764,macia,2
282,ruebs,2
36,dieplease,2
563,ks94,2
814,sms087809233445,2
1475,ekiti,2
966,renew911health,2
1129,amageddon,2
1481,ushed,2
778,hiroshima70,2
20,wedn,2
1254,marketforce,2
780,whitbourne,2
17,xb1,2
259,standwith,2
12,horndale,2
11,piner,2
803,politifiact,2
785,vabengal,2
427,kowing,2
754,wpri,2
244,hermancranston,2
651,161116,2
237,wmur9,2
844,servicethe,2
739,gmmbc,2
606,12news,2
1154,njenga,2
555,thisiswhywecanthavenicethings,2
604,ihhen,2
612,scwx,2
735,versethe,2
728,schwarber,2
1429,utc5,2
82,isil,2
1451,rapidcity,2
558,marquei,2
1428,fieg,2
401,cawx,2
1,inec,2
984,follownflnews,1
1018,auspol,1
1016,shawie17shawie,1
997,yougov,1
998,indot,1
979,usatodaynfl,1
1017,tianta,1
980,recordand,1
986,hawkhis,1
1019,nikoniko12022,1
1020,jrowah,1
981,exum,1
982,barkevious,1
985,nycfc,1
999,wiwnpfxa,1
983,practicenyg,1
1000,since1970the,1
1005,kidsthesedays,1
987,beltmr,1
1015,tarmineta3,1
1003,skardu,1
993,berlatsky,1
1006,dserialpcilp,1
1007,icaseit,1
1008,wolforth,1
1009,vancouverisland,1
1010,scichat,1
1011,kabwandi,1
1012,tkyonly1fmk,1
994,1130bst,1
995,freebesieged,1
992,megalpolis,1
991,greyjoys,1
990,bangladeshaffected,1
1013,ercjmnea,1
1002,b4federal,1
989,commentes,1
1001,cadusd,1
1004,heavyrain,1
996,martinmj22,1
1014,kotolily,1
988,wcvb,1
0,newsnigeria,1
1021,atakobot,1
1080,sizewell,1
1089,gmcr,1
1088,ovofest,1
1087,agnivesh,1
1086,gymtime,1
1085,gymflow,1
1083,souda,1
1082,hamptonroadsfor,1
1081,40mln,1
1079,sandunes,1
1091,renewsit,1
1077,winechat,1
1076,t1000s,1
1075,gwatt,1
1074,subsd,1
1073,defensenews,1
1072,err509,1
1071,minamisoma,1
1070,jishine,1
1090,wackoes,1
1092,byebyesoundcloud,1
1068,unsensibly,1
1103,westmarch,1
1111,dredougie,1
1110,tarynel,1
1109,jaylenejoybeligan,1
1108,unfortunemelody,1
1107,deadgirltalking,1
1106,justaguess,1
1105,shestooyoung,1
1104,capricon,1
1102,legionna,1
1093,shtap,1
1101,notwill,1
1100,sb57,1
1099,gesserit,1
1098,ibeto,1
1097,alhaji,1
1096,labourleadership,1
1095,kontrolled,1
1094,sizygwwf,1
1069,elvia,1
1067,off2015,1
1022,kijimamatako,1
1032,juanmthompson,1
1040,rabaa,1
1039,ezidi,1
1038,shingal,1
1037,lotg,1
1036,orchs,1
1035,hillarymass,1
1034,creelyou,1
1033,atombomb,1
1031,owenrbroadhurst,1
1043,pitchwars,1
1030,nagaski,1
1029,colnharun,1
1028,matakomilk,1
1027,daviesmutia,1
1026,ykelquiban,1
1025,legwalked,1
1024,dadwho,1
1023,matako3,1
1041,bromleythe,1
1044,dubloadz,1
1066,vaginaorcake,1
1057,m416,1
1065,rabidmonkeys1,1
1064,dorette,1
1063,icelandreview,1
1062,paulhollywood,1
1061,britishbakeoff,1
1060,dorett,1
1059,worseits,1
1058,tomclancy,1
1056,m151a1,1
1046,meelllttting,1
1054,xl61,1
1053,warriorcord,1
1052,warthen,1
1051,commoditiesare,1
1050,tangletalk,1
1049,dnbheaven,1
1048,ep016,1
1047,mwednesday,1
1045,droppd,1
942,bkb066gp,1
978,joboozoso,1
860,writingtips,1
858,awesomelove,1
857,parsholics,1
856,notificationsu,1
855,thankkk,1
853,ny1burst,1
852,nycha,1
851,valleywx,1
850,isome,1
849,ndetention,1
848,ukfloods,1
847,mmda,1
846,nwx,1
845,1130a,1
843,710pm,1
842,sittway,1
841,428pm,1
840,grantfactory,1
859,frvr,1
861,landsli,1
882,szuter,1
862,naypyidaw,1
880,inciweb,1
879,vanpoli,1
878,canpoli,1
877,bcpoli,1
876,stormcoming,1
875,knowlddge,1
874,qave,1
873,seeweed,1
872,alska,1
871,515p,1
870,floorburnt,1
869,vocpetroleum,1
868,particulatebreak,1
867,712am,1
866,pagasa,1
864,n15b,1
863,bamenda,1
839,alwx,1
838,guabxfv,1
837,intertissue,1
836,iembothfo,1
813,pantofel,1
812,antiochhickoryhollowtn,1
811,daretweet,1
810,999day,1
809,roadid,1
808,rgj,1
807,wompppp,1
806,sigaleretweet,1
805,population6,1
804,dontexpectnothing,1
802,r1354,1
801,quoteoftheday,1
800,instaquote,1
799,deltachildren,1
798,8437150124,1
797,amsal,1
796,files201,1
815,pin23928835,1
816,pnpizody,1
817,100nd,1
828,floored4,1
835,265v,1
834,85v,1
833,bigconsequences,1
832,thereisonlysex,1
831,albertans,1
830,puckflattened,1
829,mbiwa,1
827,drumpf,1
818,pin2327564d,1
825,wantmyabsback,1
824,muaytai,1
823,pwhvgwax,1
822,firefighte,1
821,selmo,1
820,portgass,1
819,benstracy,1
881,istraightfire,1
883,lzk,1
977,chinadotcom,1
954,hmovie,1
952,overhostages,1
949,tlvfacesauspol,1
948,tlvfaces,1
947,trinna,1
946,salopek,1
945,zimpapersviews,1
944,twimbos,1
943,mcourt,1
1113,raredealsuk,1
941,vosloorus,1
940,bronville,1
939,pletch,1
936,dyxtmrydu,1
935,8550013,1
934,htarvrgly,1
933,browserhijacker,1
931,liveleakfun,1
953,stavola,1
955,indiefilm,1
885,fahlowcw,1
956,aviationaddicts,1
976,nflexpertpicks,1
975,carterville,1
974,partyof,1
973,leonardville,1
972,sequalae,1
971,speculatio,1
970,themhe,1
969,bilic,1
968,injuredthen,1
967,alsowhat,1
965,urogyn,1
964,sherfield72,1
963,updatem,1
962,turdnado,1
961,hwrf,1
960,mixxtail,1
957,cruz2016,1
930,apcpdp,1
929,entension,1
928,mcgsecure,1
927,nigerianstate,1
902,bolasie,1
901,vallerand,1
900,deglin,1
899,hopfer,1
898,thorgan,1
897,annddd,1
896,offoo,1
895,qzloremft,1
894,iamdowntown,1
893,cowx,1
892,carliles,1
891,46082474,1
890,cityporn,1
889,capturecalgary,1
888,crazyweather,1
887,hailthe,1
886,ofclans,1
903,berahino,1
904,bellerin,1
905,707d,1
918,7aal,1
926,cislady,1
925,zakuun,1
923,silentmind,1
922,deejayempiresound,1
921,palinfoen,1
920,weatherit,1
919,nbc10,1
917,7amdollela,1
906,mipasho,1
916,ncms,1
915,apaz,1
914,lawx,1
912,terwilliger,1
911,eversafe,1
910,multidimensiononal,1
907,wrightsboro,1
1112,facephotos,1
1148,robotrainstorm,1
1114,goodlook,1
1375,dchat,1
1373,tloz,1
1372,kororinpa,1
1371,agdq,1
1370,newsdict,1
1369,lilourry,1
1368,hollyw,1
1366,prettyboyshyflizzy,1
1365,hirochii0,1
1364,caued,1
1363,20homers,1
1362,brinx,1
1361,serviceoklahoma,1
1360,915pm,1
1359,829pm,1
1358,servicearkansas,1
1357,945pm,1
1356,912pm,1
1355,laudner,1
1354,thebookclub,1
1374,ptsdchat,1
1376,gravitychat,1
1115,laughtero,1
1377,hempoil,1
1396,friend59,1
1395,bitchruns,1
1394,dalroy,1
1393,eyesss,1
1392,arceen,1
1391,borgeous,1
1390,dvbbs,1
1389,bitcoing,1
1388,crptotech,1
1387,nopower,1
1386,fartanxiety,1
1385,afrikaan,1
1384,varage,1
1383,wrongperson,1
1382,snapchatselfie,1
1381,yessum,1
1380,oneborn,1
1379,ischool,1
1378,intragenerational,1
1353,lightningstrike,1
1352,serviceposts,1
1351,retweetnational,1
1350,dardanelle,1
1323,orangi,1
1322,dawabsha,1
1321,ldnr,1
1320,choudary,1
1319,anjem,1
1318,news786,1
1317,coppednews,1
1316,nuclearweapons,1
1315,sojapan,1
1314,humanityi,1
1313,setsuko,1
1312,womanshour,1
1311,thrarchives,1
1310,chronicillness,1
1309,tsutomi,1
1308,makinmemories,1
1307,thalapathi,1
1306,daubt,1
1305,holomua,1
1324,diretube,1
1325,fightterrorism,1
1326,beinart,1
1340,essenceofme,1
1349,kwx,1
1348,933pm,1
1347,fforecast,1
1346,spsgsp,1
1345,inws,1
1343,1015pm,1
1342,931pm,1
1341,1040pm,1
1339,l9udest,1
1329,convivted,1
1338,populardemand,1
1337,nlwx,1
1336,illusoria,1
1335,islamaphobe,1
1334,keepingtheviginaclean,1
1333,washard,1
1332,kasabwe,1
1331,ampk,1
1397,edcxo,1
1398,catlow,1
1399,c720,1
1453,otherwisethey,1
1473,windstorminsurer,1
1472,ziuw,1
1471,wqow,1
1470,easternoregon,1
1469,khq,1
1468,bengston,1
1467,wsoc,1
1466,kc5kh,1
1465,azwx,1
1464,doessnt,1
1463,foragesecret,1
1462,farmr,1
1461,warningwild,1
1460,riooooos,1
1459,lisowski,1
1458,picthis,1
1457,cantwaittoplayinminneapolis,1
1456,ktfounder,1
1455,syjexo,1
1474,wsvr1686b,1
1476,gbonyin,1
1477,txlege,1
1490,janeenorman,1
1498,iwate,1
1497,154107,1
1496,explodingkittens,1
1495,gameofkittens,1
1494,residualincome,1
1493,thatswhatfriendsarefor,1
1492,najibrazak,1
1491,ministersays,1
1489,ombudsmanship,1
1478,faretweet,1
1488,shoalstraffic,1
1487,newave,1
1486,pop2015,1
1485,artectura,1
1484,sorrower,1
1483,iseems,1
1480,wauthor,1
1479,datingtips,1
1454,pawsox,1
1452,isomething,1
1400,itrawcwb,1
1450,ojou,1
1419,servicewth,1
1418,uprootin,1
1417,scourgue,1
1416,orpol,1
1415,orcot,1
1414,winik,1
1413,brzjc,1
1412,postexistence,1
1411,tejc,1
1410,jhmnye,1
1409,4yygb,1
1408,andchina,1
1407,nbanews,1
1406,rtcom,1
1405,breaking144,1
1404,liguistic,1
1403,m6x1,1
1402,toosoon,1
1401,noemotion,1
1421,korzhonov,1
1424,maailiss,1
1430,sismica,1
1441,slosher,1
1449,ineedexposure,1
1448,96355,1
1447,hendrixonfire,1
1446,servicin,1
1445,splattershot,1
1444,splatoon,1
1443,splatling,1
1442,splatdown,1
1440,astrologian,1
1431,1preview,1
1439,yeyeulala,1
1438,kwwwkwwwk,1
1437,biographylogical,1
1436,jsdf,1
1435,conceretweet,1
1434,growingup,1
1433,onshit,1
1432,seasonfrom,1
1304,buchana,1
1303,driverlesscars,1
1302,oktaviana,1
1162,clico,1
1184,rio2016,1
1183,saintsfc,1
1182,oliviamiles01,1
1181,ravioliwith,1
1180,torrecilla,1
1179,urbanfashion,1
1178,shidddd,1
1177,hasarrived,1
1175,disembar,1
1173,romanatwoodvlogs,1
1172,smugglersnabbed,1
1171,menolippu,1
1170,enkelbiljett,1
1169,mybabies,1
1168,pitmix,1
1167,summervibes,1
1166,fwo,1
1165,peaceloverescue,1
1164,psychrewatch,1
1185,163163,1
1186,justiceno,1
1187,justicepeace,1
1198,wordk,1
1207,femnism,1
1206,cryibg,1
1204,sidjsjdjekdjskdjd,1
1203,zaatari,1
1202,nrcmiddleeast,1
1201,globiinclusion,1
1200,socialwots,1
1199,zmne,1
1197,sorrybutitstrue,1
1188,verhoek,1
1196,postapocalypticflimflam,1
1195,lookg,1
1194,firefightr,1
1193,forbesasia,1
1192,yemenis,1
1191,insurers163millions,1
1190,usami,1
1189,notpanic,1
1163,racco,1
1161,rezaphotography,1
1209,laighign,1
1160,chpsre,1
1135,0npzp,1
1134,bluehand,1
1133,gmtty,1
1132,antipozi,1
1131,aannnnd,1
1130,puledotechupdate,1
1128,lastma,1
1127,helm15,1
1126,beloeil,1
1125,dh30000,1
1124,manarmed,1
1123,amiddle,1
1122,orpik,1
1121,fundwhen,1
1120,romanticsuspense,1
1119,tindering,1
1118,istg,1
1117,laughtraders,1
1116,afycso,1
1136,oc73x,1
1137,sejorg,1
1138,ashdod,1
1150,lizzie363,1
1159,pacic,1
1158,christianvalues,1
1157,victimiser,1
1156,vassalboro,1
1155,dualcom,1
1153,apga,1
1152,ikpeazu,1
1151,italianalps,1
1149,damaturu,1
1139,emittin,1
794,referencereference,1
1147,bebacksoon,1
1146,ireporter,1
1145,lapaka,1
1144,damatu,1
1142,triciaoneillphoto,1
1141,triciaoneill,1
1140,capeann,1
1208,glade2015,1
1210,slsp,1
1301,dorrian,1
1257,huncertain,1
1277,stopevictions,1
1276,sabotagei,1
1275,mxaaaa,1
1274,fleek,1
1273,shunichiro,1
1272,345pm,1
1271,calgarians,1
1270,ncwx,1
1269,mypillowstudio,1
1268,hawaiianpaddlesports,1
1267,comeeeee,1
1266,membuahkan,1
1265,kesabaran,1
1264,gamefeed,1
1263,ssummer,1
1262,growingupincolorado,1
1261,splifs,1
1260,becyme,1
1259,crqck,1
1278,rembr,1
1279,alwsl,1
1280,hashd,1
1292,isuicide,1
1300,tootrue,1
1299,thruuu,1
1298,blaaaaaaa,1
1297,yamashiro,1
1296,jeepsunk,1
1295,backty,1
1294,safsufa,1
1293,menahem,1
1291,2007he,1
1281,rupdates,1
1290,kpdied,1
1289,saadthe,1
1287,ocalan,1
1286,thursd,1
1285,laurak,1
1284,saudimosque,1
1283,aseer,1
1282,canadasuicide,1
1258,radneck,1
1256,franta,1
1211,phandom,1
1255,hakogaku,1
1231,intersectio,1
1230,wctv,1
1229,occasion2,1
1228,063243,1
1227,010217,1
1226,ibaraki,1
1225,182245,1
1224,010156,1
1222,sa15t,1
1221,worldoil,1
1220,roomr,1
1219,death2usa,1
1218,win10,1
1217,jimin,1
1216,screamsdo,1
1215,jaileens,1
1214,godggg,1
1213,hammings,1
1212,jariana,1
1232,twitsandiego,1
1233,darsena,1
1234,dfljev,1
1245,hunterston,1
1253,millcityio,1
1252,gmt0000,1
1251,012032,1
1250,indyfest,1
1249,serephina,1
1248,songfor,1
1247,queenmy,1
1246,h3cz,1
1244,liveonstreamate,1
1235,jbumzqpk,1
1243,295ss,1
1242,horrormovies,1
1241,kijan,1
1240,imeshika,1
1239,corii,1
1238,ofnsixjks,1
1237,hearetweet,1
1236,xkdrx,1
795,xekstrin,1
750,khrone,1
793,wakho,1
397,leedstraif,1
271,tweetstorm,1
270,liqd,1
269,yiraneuni,1
268,naemolgo,1
267,pjnet,1
266,hrsto,1
265,willinghearted,1
264,rowyso,1
263,homealone2,1
262,seeyouatamicos,1
261,amicos,1
260,criticalmedia,1
258,phalaborwa,1
257,storen,1
256,dhalgren,1
255,duckvillelaughter,1
254,buildingswe,1
253,dhsscitech,1
252,forestservice,1
272,r5live,1
273,reveillertm,1
274,macabrelaughterita,1
286,saudies,1
294,pin263789f4,1
293,smanti,1
292,smantibatam,1
291,roh3,1
290,rasya,1
289,theashes,1
288,ckec,1
287,timestack,1
285,yoenis,1
275,reportly,1
284,magichairbump,1
283,thinkpink,1
281,2leezy,1
280,315pm,1
279,lindenow,1
278,watersafety,1
277,talerts,1
276,benews,1
251,socialtimes,1
250,sniiiiiiff,1
249,vaping101,1
210,london3,1
219,generalnews,1
218,push2left,1
217,pearlharbor,1
216,setting4,1
214,20000k,1
213,3others,1
212,bannukes,1
211,shadowflame,1
209,qendil,1
222,siouxlan,1
208,zergele,1
207,troye,1
206,namjoon,1
205,theaf,1
204,norge2040,1
203,zicac,1
202,gasparc,1
201,dumle,1
221,siouxland,1
223,kanglaonline,1
248,kanger,1
235,222pm,1
247,burnfat,1
246,totteham,1
243,keithyy,1
241,mizuta,1
240,treblinka,1
239,wsls,1
238,kcarosawmur,1
236,mafireems,1
234,langata,1
225,tuffers,1
233,shevlin,1
232,croydonization,1
231,dcfd,1
230,leicestermerc,1
229,killsone,1
228,oworoshoki,1
227,urgentthere,1
226,slingnews,1
295,usbush,1
297,tsipras,1
298,wallybaiter,1
361,ashrafiyah,1
370,rewatchingthepilot,1
369,bkn025,1
368,sct012,1
367,donthate,1
366,qnh,1
365,cosits,1
363,bkn032,1
362,sct014,1
360,crozes,1
372,400dr,1
358,ayeko,1
357,clelli,1
356,cor48,1
355,tiffanyfrizzell,1
354,sevenfigz,1
353,marketingmediocrity,1
352,yhngsjlg,1
351,master0fsloths,1
371,boltcyclone,1
373,packfor,1
349,samelsamel,1
387,taungbazar,1
395,dragneel,1
394,arachys,1
393,fdbdp,1
392,193635,1
391,dr08,1
390,wayfieldstone,1
389,lncolyellowstone,1
388,buthidaung,1
386,nockthie,1
375,sk398,1
385,kyee,1
383,vroman,1
382,rindou,1
381,945hpa,1
380,bhaijaan,1
379,bajrangi,1
377,chandrababu,1
376,hudhud,1
350,crushmtvhottest,1
348,wedneday,1
300,efs300,1
310,yagitudeh,1
319,beatg3,1
317,pvris,1
316,stepkans,1
315,mesick,1
314,carhot,1
313,poretweet,1
312,111020,1
311,cipinang,1
309,dirumah,1
321,beatb2,1
308,nojoke,1
307,teenfiction,1
306,wattys2015,1
305,bordento,1
304,wogc,1
303,isibling,1
302,soultech,1
301,nlccollide,1
320,15000270653,1
322,15000270364,1
347,f496d,1
335,salyers,1
346,modestmouseremix,1
345,sodds,1
343,windows10,1
342,hamayun,1
341,grafoscopia,1
338,huebel,1
337,pbcanpcx,1
336,akilah,1
334,joeysterling,1
323,way401,1
333,crashsterlingwho,1
332,espargaro,1
331,sr37,1
330,dewdney,1
329,713pm,1
328,us101,1
326,thisisfaz,1
325,dilawri,1
200,summerinsweden,1
199,catsofinstagram,1
198,cutekitten,1
66,lzktjnox,1
75,miprv,1
74,relaxinpr,1
72,x1434,1
71,x1386,1
70,drayesha4,1
69,241487,1
68,x1441,1
67,x1392,1
65,whitewalkers,1
77,cbcto,1
64,x1411,1
63,x1402,1
62,preseasonworkouts,1
61,cufi,1
60,dajaal,1
59,ahamedis,1
58,preppertalk,1
57,fighterdena,1
76,ossington,1
78,nightbeat,1
55,eonlinechat,1
91,benothing,1
99,saddledome,1
98,weddinghour,1
97,rowaa,1
96,robotcoingame,1
95,satoshis,1
94,6615434,1
93,pugprobs,1
92,morebut,1
90,latinoand,1
79,sparkz,1
89,ignoranceshe,1
88,cdnpoli,1
87,ableg,1
85,livemint,1
84,yakub,1
83,yeda,1
81,myreligion,1
80,nativehuman,1
56,hyiderghost2,1
54,1008pla,1
101,rigga,1
13,naayf,1
26,hatzolah,1
25,ems1,1
23,ladins,1
22,mbataweel,1
19,wdyouth,1
18,wiedemer,1
16,langtree,1
14,chandanee,1
10,110358,1
28,heysundowns,1
9,bigrigradio,1
8,gtxrwm,1
7,voortrekker,1
6,diyala,1
5,lanford,1
4,superintendetnt,1
3,ancop,1
2,superintendet,1
27,petebests,1
29,eovm,1
52,russaky89,1
41,0802pm,1
51,avysss,1
50,geekapocalypse,1
49,zonewolf123,1
48,sarumi,1
47,candylit,1
45,ourmothermary,1
43,fittscott,1
42,collegeradi,1
40,stephenscifi,1
30,zrnf,1
39,janenelson097,1
38,fukurodani,1
37,bookslast,1
35,withannihilation,1
34,starmade,1
33,evildead,1
32,juanny,1
31,alloosh,1
100,chiasson,1
102,nowplay,1
197,expertwhiner,1
164,712c,1
172,thedarktower,1
171,stephenking,1
170,bbloggers,1
169,butterlondon,1
168,aggressif,1
167,everwhe,1
166,nightsad,1
165,sbee,1
163,dialyses,1
174,akame,1
162,buroker,1
161,nailreal,1
160,okayyyyyy,1
159,tweet4,1
158,ashayo,1
156,lpdkl,1
155,moveit,1
154,revolutionblight,1
173,okanowa,1
175,cleav,1
152,xxhjesc,1
188,bosphore,1
196,moving2015,1
195,rchs,1
194,womengirls,1
193,mycareer,1
192,vuzu,1
191,bigstar,1
190,mopheme,1
189,meekdiss,1
187,cultsierre,1
176,reafs,1
186,00end,1
185,glononium,1
184,givebackkalinwhiteaccount,1
183,tozlet,1
182,isince,1
180,eheks,1
178,tvshowtime,1
177,bloodymonday,1
153,dotish,1
151,purdies,1
103,4kus,1
116,tolewant,1
124,daem,1
123,sothwest,1
122,thisispublichealth,1
121,sinistras,1
120,flechadas,1
119,skywars,1
118,dorrie,1
117,raisinfingers,1
115,terrorismismi,1
126,jiwonle,1
114,hcsm,1
113,digitalhealth,1
112,clergyforced,1
111,infectiousdiseases,1
107,wxia,1
106,bioter,1
105,orchardalley,1
104,m27329,1
125,coast2coastdjs,1
127,transcendblazing,1
149,thda,1
139,landolina,1
148,cobes,1
147,prysmian,1
146,graywardens,1
145,stopharper,1
144,elxn42,1
143,freyas,1
142,tusky,1
140,hw18,1
138,fpoj,1
129,durvod,1
137,elwoods,1
136,exp0sed,1
135,festac,1
134,ph0tos,1
133,s3xleak,1
132,shouout,1
131,hinatobot,1
130,stoponesounds,1
396,thesensualeye,1
398,eyefacts,1
792,umntu,1
399,s61,1
664,bangtan,1
663,elecman,1
662,063424,1
661,103424,1
660,brenas,1
659,164021,1
658,234021,1
657,utc3,1
656,18jst,1
655,12jst,1
652,gpv,1
649,difficultpeople,1
647,euroquake,1
646,165409,1
645,wednes,1
644,khuzdar,1
642,scoopit,1
641,sustainourearth,1
640,raffirc,1
666,borderlands2,1
667,redblood,1
668,preparedelectrocutedboiling,1
680,lovemydentist,1
688,ruthann,1
687,swanger,1
686,poconorecord,1
685,dyingthey,1
684,odai,1
683,kijangbank,1
682,akx,1
681,childfund,1
679,tookitlikeaman,1
669,waterfur,1
678,speedtech,1
677,drjustinmazur,1
676,marinelines,1
675,lessonforlife,1
674,mumbailocals,1
672,atamathon,1
671,zotar50,1
670,rosenbergs,1
639,182624,1
638,012624,1
637,magnitudeml,1
596,churkin,1
607,reliefweb,1
605,conditionsprivation,1
602,atcinema,1
601,tyar,1
600,doing111,1
599,peoplecommunication,1
598,mh17,1
597,klimkin,1
595,eoficial,1
609,grahamwp,1
594,metepec,1
593,blowltan,1
592,theneeds,1
591,cw500,1
590,disasterrecovery,1
588,massgrave,1
587,saneless,1
586,iwontmakeit,1
608,pennlive,1
610,91f,1
632,idwx,1
623,riveeeeeer,1
631,uvopwz,1
630,totoooooooooo,1
629,totoooooo,1
628,ohlordy,1
627,dravet,1
626,sometimesi,1
625,nashs,1
624,isend,1
622,summer2015,1
611,dqsvyusy,1
621,pageshi,1
620,trixiedrowned,1
619,fnaf,1
618,abcnews24,1
617,protoshoggoth,1
616,sorbet4,1
615,mfsloose,1
614,mydrought,1
689,rs40000cr,1
690,hwrfd,1
691,nbc15,1
755,wickett,1
765,zonesthank,1
763,wyou,1
762,wbre,1
761,damiengayle,1
760,patrickjbutler,1
759,cbs29,1
758,kbak,1
756,cbs3,1
753,barcousky,1
767,tw4rw,1
752,dcubecrafts,1
751,hpssjd,1
749,kindermorgan,1
748,tawfmcaw,1
747,mencius,1
746,kfvs12,1
745,noranda,1
744,siteinvestigating,1
766,holodomor,1
768,faminemega,1
742,gaelite,1
782,crashtrans,1
791,ssb4,1
790,us70,1
789,fatalityuudlk,1
788,jaxmk2,1
787,aveblack,1
786,crbzfz,1
784,gangstermail,1
783,policylab,1
781,motordom,1
769,0840728,1
779,thetrans,1
777,independenc,1
776,news3lv,1
775,whyor,1
774,gunfail,1
772,mineness,1
771,hunhry,1
770,faminememories,1
743,miville,1
741,renaomi,1
692,biztip,1
702,mkayla,1
713,koin6news,1
711,bickleton,1
710,mygc,1
708,detersion,1
707,nittys,1
706,firefigthers,1
705,zehrs,1
704,900037,1
701,lifeits,1
715,ahrar,1
700,painthey,1
699,sunnymeade,1
698,inchaos,1
697,eretweet,1
696,cabramatta,1
695,yennora,1
694,bilsen,1
693,specialneeds,1
714,manchesterlite,1
717,katunews,1
740,2500fps,1
729,nomiya,1
738,akxbskdn,1
737,cosima,1
736,forbath,1
734,zarharzar,1
733,bomd,1
732,teduka,1
731,hotnewscake,1
730,hisao,1
727,newheights,1
718,lassics,1
726,feelingmanly,1
725,ibrahimmisau,1
724,reidlake,1
723,laughterla,1
722,gnwt,1
721,ifak,1
720,calfires,1
719,inciwebmad,1
585,momneedscoffee,1
584,cndpoli,1
583,wroug,1
455,invzices,1
463,psfda,1
462,precisionistic,1
461,clothesless,1
460,etoffe,1
459,badotweet,1
458,colomr,1
457,pileq,1
456,isllikely,1
454,inroices,1
465,uruan,1
453,invokces,1
452,togthe,1
451,lzkely,1
450,stlnd,1
449,susinesses,1
448,mallord,1
447,novalismi,1
446,assnchat,1
464,ibom,1
466,udom,1
444,deflategate,1
478,genisys,1
487,coya,1
486,prisnors,1
485,foodstand,1
484,irandeal,1
482,abbruch,1
481,85885473,1
480,noxdv,1
479,maxsys,1
476,media420,1
467,avigdor,1
475,charminar,1
474,grumpout,1
473,orianna,1
472,todayhave,1
471,gameinsight,1
470,tribez,1
469,murlo,1
468,susiya,1
445,asae15,1
443,b2bagency,1
489,colleenmnelson,1
410,birb,1
418,molys,1
417,champoo,1
416,papii,1
415,summerfate,1
414,wyrmwood,1
413,kwaaaaadead,1
412,nyozi,1
411,lmaov,1
409,courtof,1
420,ripriprip,1
408,individl,1
407,argsuppose,1
406,4sake,1
405,snotgreen,1
404,coyi,1
403,maiga,1
402,modibo,1
400,icd10,1
419,shoook,1
421,vaxshill,1
442,dougkessler,1
433,yyeso,1
441,houghjeff,1
440,boyhaus,1
439,byityf,1
438,cerography,1
437,dumuzid,1
436,legionstrackandfield,1
435,forrestmankins,1
434,cuana,1
432,dustpig,1
422,i77,1
431,onlinemalaysia,1
430,breakth,1
429,billneelynbc,1
428,nbcnightlynews,1
426,weyburn,1
425,nghlth,1
424,cwhistleblower,1
423,insas,1
488,wsjthinktank,1
490,kamayani,1
582,ashes2015,1
546,pulkovo,1
554,badkitty,1
553,mwjcdk,1
552,headlinelike,1
551,hotteennsfwpornmilf,1
550,crapgamer,1
549,specialguest,1
548,namekians,1
547,semasir,1
545,viab,1
557,roskomnadzor,1
544,amcx,1
543,cmcsa,1
542,foxa,1
541,nkea,1
540,hlongwane,1
539,monwabisi,1
538,streetjamz,1
537,fousey,1
556,undergroundbestsellers,1
559,214904,1
535,beconfident,1
571,blackburns,1
581,dagestan,1
580,volgagrad,1
579,kalmikya,1
578,arfur,1
577,bairstow,1
574,chorbjp,1
573,indianperpetrated,1
572,riot92,1
570,ks111,1
560,139055,1
569,weiqin,1
568,ks100,1
567,ks315,1
566,as10004,1
565,butiqob,1
564,esevu,1
562,ks57,1
561,ks161,1
536,brbrs,1
534,regc,1
491,selfavowed,1
501,deepthoughts,1
509,psalm3422,1
508,psqd,1
507,r3do,1
506,gyrsi,1
505,mumbaitimes,1
504,mumbai24x7,1
503,cins,1
502,derailedbenchmark,1
500,robertwelch,1
511,littlebitofbass,1
499,starbs,1
498,requa,1
497,withoutut,1
496,newidea,1
495,grimrail,1
494,kidscompany,1
493,trump2016,1
492,blacklivesmatter,1
510,copperfields,1
512,silinski,1
533,boylesports,1
523,thehobbit,1
532,amiibos,1
531,yplan,1
530,cluei,1
529,foxsportscom,1
528,ng2x5,1
526,ashes2,1
525,rebahe,1
524,futurea,1
522,desolationofsmaug,1
513,thranduil,1
521,cliptv,1
520,elanorofrohan,1
519,fotoset,1
518,introdesolation,1
517,epiphanes,1
516,antiochus,1
515,kurtkamka,1
514,amreading,1
1499,tnwx,1
