,0
the,1912
to,1188
and,1104
of,892
in,816
you,726
is,599
my,544
for,494
on,437
with,382
that,382
it,373
this,297
be,288
me,260
am,260
like,252
by,248
have,243
are,236
just,232
at,232
your,231
so,228
but,220
not,219
was,216
up,199
out,196
all,189
if,184
will,181
its,176
from,175
new,171
as,164
get,163
we,160
or,156
no,150
now,149
he,147
has,145
when,143
dont,141
can,140
about,137
they,135
what,132
one,131
an,131
how,128
do,123
body,114
her,98
via,98
would,97
been,97
into,96
his,96
video,94
there,94
more,93
people,91
love,87
why,87
day,86
know,86
time,86
full,84
got,83
back,83
us,83
see,82
them,80
who,79
emergency,79
after,78
going,76
some,70
fire,70
still,69
cant,69
go,68
good,67
want,67
think,66
man,65
had,65
off,64
world,60
life,60
our,60
first,59
over,59
then,59
their,58
did,58
let,58
youre,58
burning,56
way,56
last,56
make,55
need,55
too,55
only,55
work,54
than,54
really,53
because,52
being,51
here,51
much,51
even,51
take,51
many,50
should,50
help,49
right,49
content,48
read,48
were,48
say,47
him,47
great,47
wreck,47
she,47
feel,46
black,46
down,45
never,45
fear,44
please,44
cross,43
every,43
could,43
bags,43
look,43
top,42
today,41
god,41
ever,41
year,40
fucking,40
ass,40
night,40
bag,40
these,39
any,39
come,39
news,39
may,38
without,38
lol,38
bloody,38
check,38
everyone,38
getting,38
well,37
best,37
liked,37
shit,37
another,37
death,37
ruin,37
reddit,36
home,36
explode,36
smoke,36
always,36
panic,36
wrecked,35
most,35
harm,35
coming,35
buildings,35
head,35
watch,35
face,35
school,35
bad,35
ive,34
disaster,34
car,34
crash,34
self,34
where,34
made,34
police,34
stop,33
loud,33
war,33
before,33
re,33
also,33
next,33
better,33
blood,33
hes,33
twister,33
blew,32
dead,32
screaming,32
hope,32
fuck,32
little,32
long,32
storm,32
show,32
gonna,32
thats,32
crush,32
sinking,32
fall,32
curfew,32
live,31
said,31
screamed,31
girl,30
bleeding,30
battle,30
deluge,30
wanna,30
sunk,30
put,30
panicking,30
someone,30
survive,29
army,29
blown,29
collide,29
burned,29
traumatised,29
game,29
keep,29
run,29
quarantine,29
again,29
drown,29
nuclear,29
while,29
inundated,29
ebay,28
movie,28
lava,28
services,28
bomb,28
stock,28
demolish,28
ill,28
big,28
free,28
song,28
high,28
destroyed,28
military,28
things,28
blazing,28
shoulder,28
lets,28
bagging,28
desolation,28
theres,28
hot,28
two,28
destroy,28
flattened,27
crushed,27
soon,27
trouble,27
destruction,27
which,27
bang,27
hazard,27
attack,27
injuries,27
looks,27
summer,27
lot,27
flames,27
trapped,27
electrocute,27
obliterated,27
real,27
phone,27
injury,26
plan,26
years,26
away,26
oh,26
end,26
obliterate,26
danger,26
thank,26
meltdown,26
week,26
screams,26
cause,26
woman,25
play,25
set,25
save,25
twitter,25
detonate,25
doing,25
fan,25
catastrophe,25
pandemonium,25
light,25
cliff,25
obliteration,25
offensive,25
until,25
whole,25
drowning,25
change,25
same,25
thing,25
blight,24
goes,24
mudslide,24
sure,24
heard,24
old,24
upheaval,24
fun,24
through,24
survived,24
music,24
red,24
mass,24
does,24
weapons,24
white,24
zone,23
collapse,23
policy,23
weapon,23
market,23
left,23
those,23
against,23
quarantined,23
stand,23
sound,23
thought,23
damage,23
apocalypse,23
annihilated,23
beautiful,23
yet,23
such,23
thunder,23
id,23
around,23
wounds,23
words,23
armageddon,23
exploded,23
thanks,22
windstorm,22
kids,22
photo,22
nothing,22
whats,22
making,22
collapsed,22
detonation,22
since,22
something,22
tomorrow,22
whirlwind,22
guys,22
ur,22
myself,22
house,22
sirens,22
tonight,22
baby,22
yourself,21
riot,21
makes,21
other,21
having,21
already,21
came,21
send,21
leather,21
didnt,21
hit,21
fatality,21
hours,21
finally,21
demolition,21
hey,21
accident,21
happy,21
hellfire,21
gets,21
bombed,20
bar,20
wont,20
went,20
call,20
probably,20
trauma,20
times,20
care,20
stretcher,20
pick,20
electrocuted,20
stay,20
used,20
food,20
horrible,20
demolished,20
book,20
trying,20
brown,19
yes,19
deluged,19
anything,19
data,19
flood,19
maybe,19
shes,19
family,19
feeling,19
lightning,19
everything,19
avalanche,19
low,19
city,19
explosion,19
hell,19
women,19
truck,19
wait,19
rescue,19
find,19
space,19
ball,19
responders,18
natural,18
yeah,18
both,18
ok,18
okay,18
remember,18
side,18
banned,18
actually,18
cake,18
st,18
siren,18
pretty,18
spot,18
wrong,18
cool,18
eyes,18
online,18
derail,18
desolate,18
half,18
aftershock,18
person,18
sensor,17
lord,17
anyone,17
water,17
believe,17
own,17
post,17
once,17
eyewitness,17
mom,17
done,17
waves,17
effect,17
doesnt,17
use,17
collided,17
hat,17
yours,17
ladies,17
hollywood,17
few,17
tv,17
longer,17
might,17
engulfed,17
rescued,17
very,17
bc,17
hijacking,17
meek,17
seen,17
story,17
wind,17
knock,16
die,16
name,16
drowned,16
haha,16
breaking,16
though,16
must,16
star,16
fires,16
ancient,16
ambulance,16
sorry,16
looking,16
lmao,16
miners,16
reddits,16
blizzard,16
hijacker,16
national,16
gt,16
friends,16
rubble,16
team,16
appears,16
blast,16
favorite,16
blaze,16
river,16
class,16
literally,16
quiz,16
trust,15
ignition,15
men,15
pay,15
damn,15
try,15
hazardous,15
win,15
awesome,15
second,15
fast,15
hostage,15
watching,15
plans,15
friend,15
needs,15
mayhem,15
floods,15
money,15
failure,15
subreddits,15
mode,15
hear,15
link,15
tsunami,15
tell,15
theyre,15
says,15
snowstorm,15
days,15
ablaze,15
landslide,15
deal,15
fatalities,15
hail,15
attacked,15
rise,15
vs,15
hate,15
state,15
guy,15
leave,15
evacuate,15
level,15
saw,15
led,15
during,14
added,14
soul,14
almost,14
heat,14
alone,14
train,14
likely,14
don,14
eye,14
move,14
aint,14
ship,14
crashed,14
king,14
entire,14
sinkhole,14
chance,14
under,14
computers,14
past,14
wants,14
photos,14
road,14
nearby,14
health,14
forest,14
power,14
wild,14
career,14
tote,14
chemical,14
drake,14
playing,14
talk,14
pain,14
miss,14
peace,13
rain,13
wow,13
image,13
niggas,13
album,13
outside,13
unconfirmed,13
arent,13
become,13
tragedy,13
listen,13
sign,13
seismic,13
beach,13
co,13
wonder,13
child,13
wanted,13
official,13
learn,13
hard,13
earth,13
wounded,13
casualty,13
biggest,13
download,13
bed,13
super,13
tweet,13
reactor,13
dust,13
neighbours,13
government,13
hi,13
follow,13
service,13
hurricane,13
seeing,13
order,13
womens,13
thinking,13
comes,13
upon,13
annihilation,13
released,13
angry,13
dog,13
area,12
fight,12
bring,12
cat,12
blue,12
totally,12
lamp,12
else,12
murderer,12
hair,12
famine,12
gtgt,12
running,12
weather,12
party,12
saying,12
buy,12
reason,12
kill,12
fatal,12
wake,12
china,12
funtenna,12
nice,12
view,12
series,12
th,12
far,12
playlist,12
inside,12
louis,12
gave,12
secret,12
latest,12
place,12
film,12
driving,12
structural,12
cree,12
join,12
turn,12
di,12
chile,12
radio,12
tried,12
fedex,12
front,12
mad,12
hijack,12
businesses,12
faux,12
mop,12
ve,11
nigga,11
daily,11
havent,11
broke,11
turned,11
feet,11
centre,11
guide,11
purse,11
lady,11
flooding,11
loving,11
sometimes,11
enough,11
rioting,11
rules,11
instead,11
devastated,11
history,11
apollo,11
omg,11
media,11
guess,11
couple,11
bush,11
games,11
wave,11
august,11
text,11
answer,11
gems,11
dad,11
arsonist,11
smaug,11
date,11
control,11
land,11
united,11
means,11
scared,11
stage,11
building,11
course,11
cable,11
loved,11
open,11
business,11
direction,11
drink,11
crazy,11
absolutely,11
wedding,11
complete,11
offroad,11
public,11
dude,10
petition,10
drive,10
line,10
glass,10
evacuation,10
park,10
started,10
deaths,10
girls,10
youtube,10
emotional,10
beyond,10
america,10
chinas,10
interesting,10
together,10
department,10
handbags,10
press,10
michael,10
update,10
room,10
cyclone,10
least,10
deep,10
tablet,10
ready,10
rock,10
feat,10
info,10
door,10
version,10
jeb,10
group,10
bitch,10
reasons,10
country,10
refugees,10
shall,10
hostages,10
working,10
break,10
rather,10
australia,10
till,10
ahead,10
sounds,10
children,10
youll,10
birthday,10
wish,10
boy,10
de,10
bus,10
sex,10
property,10
behind,10
ago,10
displaced,10
worst,10
injured,10
air,10
arson,10
lucky,10
weekend,10
future,10
others,10
share,10
hasnt,10
happened,9
fans,9
mod,9
apply,9
occurred,9
violent,9
taking,9
idea,9
double,9
secrets,9
gop,9
gay,9
screen,9
catastrophic,9
ice,9
fantasy,9
colour,9
rainstorm,9
round,9
murder,9
give,9
worse,9
general,9
internet,9
hand,9
traffic,9
test,9
welcome,9
epicentre,9
collision,9
yall,9
lost,9
tornado,9
months,9
limited,9
hobo,9
ps,9
cover,9
sent,9
aba,9
episode,9
security,9
planned,9
fact,9
sense,9
desires,9
paul,9
itso,9
walk,9
straight,9
delivers,9
walking,9
im,9
kinda,9
pray,9
mean,9
chicago,9
opening,9
hobbit,9
sky,9
sit,9
texas,9
green,9
aug,9
boat,9
taken,9
played,9
iran,9
sleeping,9
character,9
shape,9
ppl,9
different,9
tired,9
lead,9
town,9
survivors,9
teen,9
worlds,9
moment,9
wasnt,9
combo,9
volcano,9
brought,9
either,9
giving,9
job,9
pile,9
funny,9
comment,9
devastation,9
ross,9
morning,9
lab,9
isnt,9
thousands,9
financial,9
sandstorm,9
block,9
middle,9
feels,9
changes,8
hero,8
insurance,8
hour,8
queen,8
london,8
ships,8
lil,8
international,8
asked,8
social,8
user,8
center,8
common,8
ceo,8
bioterrorism,8
vote,8
killer,8
access,8
somebody,8
season,8
beat,8
brain,8
match,8
tongue,8
ask,8
travel,8
falling,8
prevent,8
woke,8
based,8
fleets,8
tears,8
animal,8
build,8
hello,8
disco,8
glad,8
hilarious,8
salt,8
problem,8
pic,8
climate,8
mary,8
kombat,8
cold,8
mortal,8
beyonce,8
list,8
practice,8
large,8
possible,8
easy,8
original,8
took,8
found,8
involving,8
totaling,8
number,8
guns,8
tho,8
standard,8
yo,8
rate,8
perfect,8
huge,8
fat,8
takes,8
lose,8
derailed,8
told,8
disney,8
tickets,8
ks,8
gotta,8
joe,8
senso,8
terrorist,8
unless,8
inundation,8
releases,8
hold,8
obama,8
camp,8
ones,8
true,8
anymore,8
nearly,8
horse,8
stuff,8
poor,8
football,8
cook,8
sitting,8
lt,8
hands,8
thunderstorm,8
word,8
flat,7
patience,7
between,7
information,7
able,7
county,7
proof,7
max,7
trump,7
dark,7
enugu,7
worth,7
lots,7
ams,7
mine,7
small,7
site,7
community,7
remove,7
minecraft,7
silver,7
watched,7
sun,7
moon,7
crying,7
vuitton,7
lie,7
universe,7
extremely,7
pop,7
ah,7
rea,7
angel,7
tweets,7
bet,7
metal,7
cramer,7
minutes,7
gone,7
ir,7
experience,7
wife,7
lives,7
canaanites,7
books,7
happens,7
bruh,7
due,7
owner,7
companies,7
bayelsa,7
earlier,7
sad,7
rt,7
david,7
causing,7
mayan,7
ca,7
clutch,7
action,7
saturday,7
fog,7
single,7
kit,7
sea,7
handbag,7
total,7
four,7
seat,7
baseball,7
facebook,7
threat,7
grill,7
mind,7
ground,7
debate,7
dangerous,7
crap,7
ww,7
completely,7
shares,7
died,7
across,7
brother,7
each,7
amazing,7
transpobioterror,7
voice,7
quick,7
agree,7
stream,7
willi,7
starts,7
shot,7
anti,7
inch,7
ep,7
usa,7
shower,7
mini,7
wall,7
signed,7
arrived,7
understand,7
floor,7
loose,7
downtown,7
crackdown,7
young,7
root,7
dream,7
dr,7
browser,7
pack,7
mix,7
gm,7
issue,7
none,7
choice,7
terrorism,7
seriously,7
risk,7
son,7
invoices,7
lovely,7
special,7
gold,7
seeks,7
pool,7
navy,7
vehicle,7
sick,7
seek,7
worry,7
massacre,7
british,7
suicide,7
stone,7
friday,7
wtf,7
truth,7
dan,7
pass,7
disneys,7
amazon,7
kid,7
alive,7
gun,7
evening,7
boys,7
matter,7
shift,7
near,7
em,7
meat,7
quite,7
won,7
account,7
stories,7
shouldnt,7
pre,7
icemoon,7
reading,7
steve,6
battlefield,6
drunk,6
thomas,6
germs,6
touch,6
wouldnt,6
rubber,6
fashion,6
dogs,6
board,6
exactly,6
pa,6
isis,6
paof,6
shooting,6
industry,6
tips,6
ya,6
bear,6
stars,6
foxtrot,6
shepherd,6
case,6
player,6
write,6
feminists,6
ideas,6
force,6
sunday,6
sale,6
enjoy,6
knew,6
spent,6
eat,6
monogram,6
style,6
society,6
casualties,6
hip,6
weeks,6
button,6
forever,6
according,6
rip,6
talking,6
twice,6
kick,6
cute,6
issues,6
blocked,6
imagine,6
feed,6
ha,6
among,6
edition,6
box,6
minute,6
wars,6
syrian,6
caught,6
surprise,6
wd,6
built,6
club,6
mood,6
nah,6
uk,6
youve,6
burn,6
san,6
cream,6
govt,6
act,6
question,6
prepare,6
fully,6
major,6
posts,6
american,6
drinking,6
dance,6
less,6
saving,6
tryna,6
igers,6
mountain,6
three,6
waiting,6
dc,6
sweet,6
german,6
dying,6
extreme,6
followers,6
cruz,6
felt,6
butter,6
leaving,6
cannot,6
missing,6
review,6
gta,6
parenthood,6
sports,6
grow,6
moments,6
indeed,6
movies,6
joy,6
cars,6
students,6
insurer,6
satchel,6
program,6
pressure,6
happen,6
supposed,6
huh,6
card,6
himself,6
pussy,6
pc,6
broken,6
trip,6
careful,6
stuabroad,6
meet,6
writing,6
lights,6
conference,6
human,6
curved,6
compliant,6
girlfriend,6
diving,6
cry,6
five,6
replace,6
south,6
listening,6
parents,6
videos,6
states,6
attention,6
families,6
passing,6
honestly,6
bro,6
gained,6
toddler,6
hiring,6
oil,6
runs,5
multiplayer,5
phoenix,5
called,5
ray,5
al,5
articles,5
equient,5
shame,5
earthquake,5
tribal,5
patrick,5
father,5
late,5
captain,5
load,5
nose,5
bit,5
audio,5
fantastic,5
below,5
brothers,5
todays,5
window,5
grey,5
fine,5
fail,5
chief,5
republicans,5
tour,5
protector,5
rd,5
population,5
uses,5
heights,5
giant,5
themselves,5
early,5
worked,5
sean,5
destiny,5
asking,5
gods,5
judge,5
ben,5
non,5
founder,5
mention,5
hungry,5
calories,5
title,5
aka,5
greatest,5
electronic,5
spanish,5
republican,5
toilet,5
drought,5
picture,5
mother,5
point,5
california,5
written,5
desire,5
generation,5
using,5
slightly,5
zombie,5
bringing,5
automatic,5
amscreaming,5
huffman,5
doubt,5
along,5
bout,5
size,5
deals,5
wet,5
false,5
babies,5
thursday,5
admits,5
former,5
rs,5
coffee,5
everywhere,5
brooklyn,5
ft,5
putting,5
tracks,5
manager,5
airplane,5
poll,5
beginning,5
tag,5
release,5
whos,5
article,5
row,5
officially,5
status,5
gotten,5
xbox,5
dragon,5
defense,5
following,5
pathogens,5
election,5
stopped,5
singing,5
itself,5
mac,5
earners,5
vinyl,5
rear,5
bitches,5
final,5
firefighter,5
cost,5
ny,5
loves,5
cut,5
vine,5
thoughts,5
blackberry,5
tonto,5
shows,5
epic,5
external,5
england,5
mining,5
steps,5
easily,5
gtgtgt,5
hieroglyphics,5
characters,5
yesterday,5
starting,5
decided,5
youd,5
rule,5
jobs,5
fish,5
tom,5
scheme,5
fighting,5
fingers,5
anyway,5
wonderful,5
lowly,5
blog,5
piece,5
hop,5
lake,5
bob,5
russian,5
india,5
linkury,5
somehow,5
holding,5
jack,5
route,5
hospital,5
finnish,5
usually,5
weird,5
throw,5
knows,5
anthrax,5
company,5
cuz,5
dk,5
holiday,5
holy,5
bought,5
thx,5
blessings,5
type,5
charity,5
tree,5
heaven,5
roads,5
darude,5
happening,5
pics,5
results,5
month,5
cheese,5
add,5
mill,5
tent,5
ended,5
mishaps,5
ii,5
ends,5
safety,5
strike,5
staff,5
fill,5
arms,5
sleep,5
unveiled,5
xd,5
honors,5
moved,5
bride,5
apparently,5
wins,5
af,5
north,5
charged,5
enemy,5
leads,5
jackson,5
keeps,5
peanut,5
helping,5
hurts,5
computer,5
driver,5
updates,5
illegal,5
covered,5
impact,5
colorado,5
mido,5
map,5
create,5
grade,5
ugh,5
calls,5
evil,5
ted,5
percent,5
except,5
wheavenly,5
tempered,5
technology,4
snap,4
blessed,4
connector,4
memories,4
comments,4
profile,4
updated,4
nd,4
design,4
mr,4
response,4
questions,4
impossible,4
idc,4
ie,4
members,4
tf,4
el,4
prices,4
theyll,4
ring,4
realise,4
fifth,4
fav,4
consider,4
economy,4
clothes,4
message,4
providence,4
temper,4
karymsky,4
todd,4
stereo,4
caitlin,4
writer,4
moth,4
saved,4
scary,4
falcon,4
sending,4
meeting,4
muscle,4
maria,4
alcohol,4
recovery,4
shared,4
bathroom,4
amnot,4
calgary,4
dies,4
messenger,4
relax,4
youth,4
quality,4
smile,4
interview,4
created,4
stephen,4
tea,4
tutorial,4
bioterror,4
hd,4
prepared,4
intern,4
frontline,4
whether,4
emotions,4
pls,4
sister,4
above,4
nurse,4
spend,4
rights,4
offer,4
oc,4
beats,4
combat,4
held,4
spirit,4
search,4
john,4
couldnt,4
opus,4
selfies,4
primary,4
humans,4
structures,4
print,4
ways,4
bowl,4
fix,4
parole,4
apc,4
constantly,4
promises,4
officers,4
promise,4
hundred,4
president,4
plate,4
thus,4
expecting,4
lip,4
recent,4
crossed,4
goals,4
bluetooth,4
recommend,4
min,4
hang,4
example,4
communities,4
project,4
crack,4
tax,4
store,4
vintage,4
leading,4
warned,4
screenshots,4
mitt,4
kicked,4
photoshop,4
pull,4
missed,4
sophie,4
adult,4
gov,4
terrible,4
internal,4
george,4
impressed,4
success,4
bears,4
bargain,4
everyones,4
chill,4
africa,4
rest,4
sadly,4
protect,4
trap,4
west,4
wanting,4
snow,4
appreciate,4
amondkesawn,4
buckle,4
restricted,4
carry,4
wed,4
odd,4
weed,4
cock,4
centipede,4
nicki,4
lez,4
education,4
register,4
heres,4
begin,4
streets,4
yay,4
simple,4
weight,4
cotton,4
sidelines,4
turns,4
gon,4
present,4
living,4
deck,4
legal,4
drill,4
church,4
mama,4
ugly,4
shop,4
packs,4
sir,4
specif,4
began,4
someones,4
diet,4
lmfao,4
later,4
kiernan,4
newest,4
werent,4
garden,4
seems,4
sing,4
solution,4
cops,4
speaker,4
diss,4
smash,4
york,4
faith,4
operations,4
sub,4
strange,4
remembered,4
internally,4
collection,4
claim,4
interested,4
editor,4
rose,4
problems,4
maintenance,4
discovered,4
rare,4
ran,4
shots,4
profit,4
horses,4
hole,4
feeding,4
reap,4
surrounded,4
uribe,4
japan,4
jesus,4
ankle,4
clip,4
fair,4
capacity,4
temporary,4
prophet,4
tools,4
spider,4
lonely,4
mens,4
restore,4
neither,4
swim,4
patient,4
clev,4
expected,4
combined,4
quest,4
office,4
duty,4
piling,4
sarah,4
channel,4
close,4
sprinter,4
concerned,4
idk,4
hits,4
member,4
calm,4
hearing,4
option,4
counselor,4
dollar,4
global,4
page,4
eden,4
jonathan,4
bottom,4
nyc,4
steel,4
paper,4
cancer,4
hotel,4
effects,4
instagram,4
economic,4
roof,4
km,4
etc,4
island,4
dreams,4
forward,4
floyds,4
setting,4
heroes,4
bid,4
pcs,4
laughing,4
explains,4
preview,4
harry,4
dick,4
reaching,4
currently,4
within,4
avoid,4
headphones,4
numbered,4
million,4
knee,4
guard,4
telling,4
clean,4
ave,4
seven,4
spring,4
derby,4
marketing,4
wired,4
given,4
wearing,4
sa,4
wireless,4
vacan,4
regular,4
enter,4
entertainment,4
campaign,4
coastal,4
color,4
mail,4
pockets,4
safer,4
jst,4
soup,4
florida,4
alarm,4
wither,4
nobody,4
en,4
aussies,4
kyle,4
inner,4
iii,4
amond,4
russia,4
grab,4
dare,4
earrings,4
actual,4
escape,4
commercial,4
festival,4
bridge,4
lulgzimbestpicts,4
hopefully,4
schedule,4
eating,4
caused,4
active,4
enjoyed,4
drop,4
magnum,4
sat,4
loan,4
madinah,4
bu,4
beam,4
auctions,4
resistant,4
loss,4
street,4
lies,4
training,4
hearts,4
japanese,4
phones,4
exp,4
fucked,4
houses,4
picked,4
cupcake,4
positive,4
stupid,4
excited,4
upset,4
supervisor,4
lethal,4
research,4
bff,4
click,4
laugh,4
awful,4
taste,4
planet,4
flash,4
known,4
hunt,4
boss,4
lunch,4
tank,4
trailer,4
fr,4
itll,4
fell,4
powerful,4
evacuated,4
losing,4
occasion,4
covers,4
stands,3
bat,3
reviews,3
table,3
yea,3
bodies,3
theory,3
volga,3
souls,3
squad,3
finishing,3
boyfriend,3
app,3
val,3
salem,3
holland,3
bands,3
management,3
devalue,3
kindle,3
theyd,3
gameplay,3
bare,3
cum,3
charlie,3
beware,3
peaceful,3
cigarette,3
negative,3
chair,3
jay,3
til,3
skin,3
jr,3
lifetime,3
strong,3
feminist,3
cinema,3
reports,3
mess,3
wwi,3
rep,3
causes,3
hated,3
governor,3
recognize,3
epilepsy,3
connecto,3
hunters,3
meaning,3
fruit,3
darkness,3
radiation,3
plays,3
reduced,3
jam,3
markets,3
code,3
price,3
james,3
windows,3
sixth,3
surprised,3
wwii,3
bay,3
dj,3
groom,3
fate,3
exploration,3
locker,3
goal,3
homes,3
rescuers,3
vid,3
gates,3
noticed,3
annoying,3
thinks,3
correction,3
soccer,3
lion,3
foot,3
torch,3
section,3
bank,3
ridiculous,3
ak,3
blake,3
rob,3
breathe,3
accuses,3
changed,3
cunts,3
driven,3
twins,3
bite,3
chicken,3
significan,3
flags,3
democracy,3
cia,3
tension,3
age,3
score,3
spirits,3
cats,3
christie,3
xp,3
alright,3
fox,3
throwingknifes,3
candy,3
nm,3
chevy,3
israel,3
thin,3
snapchat,3
hughes,3
wheres,3
foul,3
titan,3
bypass,3
accidentally,3
shut,3
system,3
client,3
wrapup,3
elephant,3
dear,3
local,3
personal,3
planning,3
regarding,3
wear,3
capture,3
offers,3
wednesday,3
shell,3
fam,3
wit,3
eight,3
hype,3
describing,3
marvel,3
surface,3
places,3
letters,3
owners,3
choices,3
cleveland,3
host,3
equal,3
xxx,3
allows,3
stays,3
stats,3
stick,3
plant,3
teacher,3
subs,3
doors,3
realize,3
rocket,3
certainly,3
nap,3
ops,3
mo,3
bake,3
operation,3
lauren,3
dq,3
te,3
shedding,3
especially,3
hardline,3
heaattack,3
cup,3
pun,3
dual,3
ems,3
sg,3
betrayed,3
asshole,3
razed,3
website,3
calling,3
hashtag,3
famous,3
removal,3
perhaps,3
humanity,3
unhappiness,3
pres,3
parking,3
letting,3
mkx,3
movement,3
playoffs,3
civil,3
survival,3
larger,3
brand,3
starring,3
shoes,3
chain,3
headset,3
sexual,3
kingdom,3
fresh,3
senate,3
penalties,3
excellent,3
stressed,3
author,3
purchase,3
criminal,3
cell,3
mental,3
notifications,3
feelings,3
western,3
description,3
stops,3
race,3
stylish,3
congress,3
wo,3
drug,3
julie,3
ten,3
massive,3
fit,3
mercy,3
nature,3
bluedio,3
mattson,3
definitely,3
gps,3
features,3
forgot,3
armory,3
cord,3
investigation,3
choose,3
wouldve,3
apch,3
current,3
embroidered,3
morgan,3
sin,3
casual,3
heal,3
ll,3
eggs,3
minaj,3
entering,3
interviews,3
silvergray,3
players,3
brings,3
mirage,3
needle,3
mf,3
lay,3
flaming,3
classic,3
cast,3
minority,3
cloud,3
english,3
shark,3
uniform,3
raining,3
chosen,3
campus,3
pepper,3
threats,3
beer,3
oppressions,3
joel,3
physical,3
washington,3
coach,3
pieces,3
bees,3
inevitable,3
friendship,3
bedroom,3
costs,3
couples,3
specimens,3
freedom,3
musician,3
logo,3
progress,3
ear,3
heads,3
assembly,3
audience,3
assistance,3
victory,3
prefer,3
upper,3
buying,3
exit,3
disasters,3
romance,3
contact,3
claims,3
realized,3
lifting,3
library,3
bored,3
chocolate,3
wood,3
gain,3
kenya,3
report,3
origin,3
legit,3
poverty,3
chelsea,3
belt,3
denmark,3
respect,3
meant,3
entered,3
inst,3
edm,3
gel,3
accidents,3
sexy,3
listenbuy,3
warships,3
metrics,3
defend,3
applications,3
options,3
replacing,3
ride,3
pair,3
notice,3
pillow,3
anxiety,3
outta,3
slide,3
roller,3
ages,3
married,3
len,3
waste,3
sucks,3
leader,3
error,3
electric,3
ireland,3
purple,3
daughter,3
cam,3
energy,3
investigating,3
favourite,3
mark,3
stealing,3
wondering,3
smoking,3
average,3
senior,3
scene,3
burst,3
address,3
servers,3
laws,3
variety,3
pattern,3
alex,3
arrested,3
step,3
regret,3
actions,3
treatment,3
inning,3
cakes,3
bottle,3
prime,3
republic,3
designs,3
magic,3
mile,3
brian,3
asap,3
understanding,3
skills,3
fights,3
responds,3
dis,3
fb,3
evidence,3
turkish,3
painting,3
hailstorm,3
dorret,3
mcilroy,3
female,3
files,3
choking,3
veterans,3
pace,3
contemplating,3
meme,3
abuse,3
points,3
looked,3
rwy,3
pro,3
decide,3
decision,3
charging,3
revealed,3
becomes,3
drinks,3
served,3
wnd,3
mentions,3
bells,3
jupiters,3
hahaha,3
horror,3
jays,3
however,3
brady,3
becoming,3
hating,3
abomination,3
quickly,3
vampiro,3
bless,3
itunes,3
league,3
clear,3
pdp,3
target,3
lover,3
nasty,3
boom,3
wee,3
announcement,3
freezing,3
luck,3
stomach,3
killed,3
associated,3
certain,3
hatcap,3
password,3
inj,3
trent,3
anna,3
golf,3
boxer,3
treat,3
microsoft,3
smh,3
allowed,3
communication,3
sisters,3
silence,3
streaming,3
repair,3
kept,3
climb,3
integrity,3
showcase,3
navbl,3
ink,3
annual,3
gem,3
taxiways,3
kalle,3
plane,3
asleep,3
senator,3
generally,3
ms,3
reach,3
note,3
americas,3
feast,3
often,3
shitty,3
lungs,3
anybody,3
ending,3
plus,3
nw,3
battery,3
os,3
steam,3
method,3
newlyweds,3
emotionally,3
turbine,3
americans,3
clinton,3
listed,3
fund,3
canada,3
aw,3
ashes,3
zouma,3
saddlebrooke,3
stress,3
machine,3
blk,3
permanent,3
nike,3
drove,3
finish,3
songs,3
dept,3
blamed,3
plaguing,3
tastes,3
lego,3
falls,3
pakistan,3
sparked,3
mcdonalds,3
fits,3
record,3
ultimate,3
tmp,3
workers,3
patched,3
opened,3
recipes,3
symphony,3
vegas,3
tough,3
la,3
bio,3
responsible,3
ban,3
flag,3
laid,3
eh,3
exploit,3
closed,3
fuckin,3
plague,3
catch,3
rid,3
se,3
conversation,3
indian,3
popular,3
supernatural,3
bullets,3
selfie,3
suffering,3
benefits,3
sws,3
workplace,3
square,3
posting,3
bug,3
toronto,3
frozen,3
warm,3
pipe,3
filled,3
stamp,3
honey,3
demonstratio,3
seconds,3
highly,3
memes,3
swing,3
nowplaying,3
swear,3
pregnant,3
staa,3
sp,3
guilty,3
everyday,3
spears,3
opinion,3
bombing,3
kind,3
disappoints,3
yrs,3
unions,3
oper,3
meals,3
expect,3
cancel,3
languages,3
believing,3
suffer,3
tries,3
animals,3
solar,3
potential,3
nations,3
skies,3
ticket,3
itstill,3
slayer,3
pitch,3
works,3
remembering,3
reject,2
obsessed,2
exhausted,2
gtfo,2
rotten,2
conservative,2
achimota,2
regard,2
cod,2
utc,2
challenges,2
plenty,2
blows,2
specially,2
attacks,2
pulled,2
grace,2
utv,2
siding,2
cmon,2
servants,2
zabadani,2
castle,2
butterfinger,2
cue,2
nema,2
designed,2
instant,2
hitting,2
impacted,2
idiot,2
duck,2
therapy,2
pants,2
motorcraft,2
parties,2
rap,2
salvis,2
happiness,2
hottest,2
degree,2
forth,2
leaked,2
born,2
aniston,2
oops,2
rich,2
bieber,2
gum,2
edit,2
musik,2
fella,2
indifference,2
fi,2
afghanistan,2
thief,2
hardy,2
slowly,2
proceeds,2
outlook,2
uploading,2
willing,2
scale,2
itshould,2
wealthy,2
diriot,2
op,2
curiosity,2
questioning,2
zimbabwe,2
bbsp,2
domestic,2
develop,2
tech,2
pillows,2
acquisitions,2
victims,2
buried,2
vault,2
track,2
predator,2
midget,2
ohio,2
imperfect,2
charles,2
puppies,2
steal,2
mx,2
dwarves,2
reflects,2
tumbling,2
lands,2
looting,2
jose,2
slammed,2
punk,2
mins,2
bistro,2
creates,2
complaints,2
hillary,2
tumblr,2
vacation,2
openly,2
nfl,2
specific,2
minds,2
wftv,2
dress,2
cherry,2
britain,2
forgiven,2
function,2
pocket,2
formed,2
acdelco,2
workout,2
roses,2
passed,2
wayne,2
enabled,2
shira,2
organizations,2
ruebs,2
concern,2
whenever,2
moyo,2
memphis,2
seemed,2
shaker,2
worrying,2
teens,2
itsay,2
sold,2
balance,2
decent,2
pasta,2
threw,2
law,2
nylon,2
justifying,2
wrist,2
monkey,2
bugs,2
xoxo,2
capitalism,2
bubble,2
cargo,2
explores,2
geometric,2
study,2
mike,2
potentially,2
grills,2
apple,2
winner,2
stole,2
rice,2
zarry,2
lane,2
independent,2
unique,2
championship,2
wa,2
outfit,2
unsafe,2
asics,2
alois,2
named,2
controlled,2
surah,2
socialism,2
wi,2
fashionable,2
agreed,2
activity,2
katherines,2
apocalyptic,2
wednesdays,2
suh,2
budget,2
thru,2
advice,2
support,2
naked,2
trick,2
rays,2
thighs,2
knocking,2
cousins,2
milwaukee,2
stuns,2
childhood,2
basement,2
solid,2
addition,2
respond,2
los,2
committee,2
medical,2
suppothe,2
blueprint,2
vi,2
hah,2
homeless,2
hermancranston,2
tix,2
cash,2
related,2
brooke,2
legion,2
rolling,2
royal,2
efforts,2
bkn,2
conceand,2
iconic,2
anger,2
wouldn,2
dickheads,2
metlife,2
def,2
concrete,2
clearly,2
tb,2
therapies,2
hide,2
sized,2
divided,2
justin,2
paved,2
timeline,2
tgirl,2
chewing,2
averted,2
atmosphere,2
camping,2
luka,2
db,2
ed,2
afraid,2
heahurts,2
mb,2
teaching,2
voted,2
serious,2
premium,2
cooking,2
necessary,2
raynor,2
dystopian,2
careers,2
memory,2
awaits,2
soo,2
coursing,2
marquei,2
cries,2
wide,2
tomatoes,2
daughters,2
goku,2
challenge,2
paid,2
autumn,2
excitement,2
coping,2
caution,2
quot,2
gateau,2
confirm,2
hahahah,2
caps,2
sink,2
ig,2
hosting,2
rick,2
flower,2
dunbar,2
recently,2
sweat,2
carlos,2
tons,2
pony,2
expensive,2
undercover,2
seem,2
base,2
reward,2
creativity,2
starter,2
andy,2
orange,2
sides,2
item,2
fennovoima,2
pitchers,2
breaks,2
structure,2
unfortunately,2
random,2
preparing,2
ima,2
shaped,2
element,2
megadeth,2
hea,2
midnight,2
teachers,2
adam,2
habits,2
dixon,2
pancakes,2
fading,2
bars,2
thrones,2
values,2
tooth,2
dey,2
gear,2
mystery,2
musicians,2
opposition,2
product,2
environmental,2
ryan,2
worldwide,2
frank,2
emperor,2
trfc,2
scars,2
blunt,2
gas,2
authentic,2
exited,2
hackers,2
phil,2
folk,2
devil,2
humidity,2
forced,2
virus,2
political,2
yahoo,2
types,2
bell,2
marketforce,2
quotes,2
greek,2
insane,2
gg,2
como,2
greedy,2
hew,2
comedy,2
alternatives,2
skill,2
pleasure,2
bright,2
rudd,2
acts,2
tested,2
stocks,2
eaten,2
jail,2
hardcore,2
teeth,2
trees,2
coincide,2
facility,2
path,2
grains,2
barry,2
mafia,2
visit,2
stroke,2
compete,2
ipad,2
bolt,2
silent,2
chan,2
kindly,2
alot,2
betz,2
chilling,2
loads,2
attempting,2
teases,2
tornadoes,2
housing,2
wpt,2
forbes,2
forsure,2
scotland,2
request,2
joke,2
chases,2
coaster,2
homie,2
basically,2
reckless,2
superhero,2
sight,2
links,2
soaking,2
attacking,2
financing,2
hunger,2
tee,2
thirst,2
jennifer,2
waking,2
contributing,2
kith,2
blanket,2
exist,2
income,2
channels,2
odds,2
chest,2
circus,2
september,2
theyve,2
stronger,2
supreme,2
cities,2
advanced,2
sportwatch,2
sf,2
conditions,2
pissed,2
draw,2
paint,2
drag,2
fallen,2
split,2
crowns,2
messed,2
names,2
consequence,2
unavoidable,2
outlet,2
recorded,2
nigerian,2
gettin,2
concluded,2
permits,2
chem,2
officer,2
downstairs,2
squirrel,2
salmon,2
porn,2
potus,2
goat,2
encore,2
tc,2
vision,2
bumper,2
previous,2
descriptions,2
field,2
rated,2
gym,2
reveals,2
assholes,2
linerless,2
regardless,2
shania,2
rspca,2
dedicated,2
pivot,2
barn,2
fortune,2
basis,2
forget,2
cole,2
sheeran,2
fist,2
fuel,2
portion,2
bn,2
redeemeth,2
chase,2
roger,2
promote,2
possibly,2
cheryl,2
remain,2
wen,2
finished,2
lawsuit,2
shoot,2
images,2
garbage,2
beginners,2
excuses,2
correct,2
leaks,2
reduce,2
johnson,2
teslas,2
including,2
bones,2
linked,2
describes,2
jams,2
quartz,2
notices,2
dropped,2
nda,2
offs,2
christmas,2
stans,2
blowout,2
glorious,2
teams,2
tower,2
guest,2
ars,2
fabric,2
nan,2
ac,2
diff,2
throwing,2
logic,2
placed,2
nor,2
thy,2
groups,2
drew,2
outbid,2
soak,2
taylor,2
clever,2
utterly,2
psa,2
circle,2
michele,2
warn,2
lemon,2
guaranteed,2
desk,2
minded,2
network,2
debt,2
latin,2
med,2
niece,2
southeast,2
allow,2
attempt,2
milk,2
ripped,2
jim,2
swansea,2
automation,2
oak,2
usual,2
pertains,2
roll,2
cried,2
crosses,2
ministers,2
spinning,2
winning,2
physicians,2
laois,2
solo,2
shook,2
remorse,2
shed,2
techesback,2
hoping,2
si,2
rapper,2
creating,2
revolution,2
locked,2
blind,2
earnings,2
diageos,2
toe,2
robinson,2
blonde,2
mfs,2
loaded,2
activated,2
burns,2
hall,2
registered,2
partner,2
ford,2
december,2
events,2
transit,2
queens,2
leaves,2
psychiatric,2
gift,2
thurs,2
despair,2
healing,2
bundle,2
bigamist,2
multi,2
besides,2
existence,2
extra,2
sibling,2
presence,2
twia,2
jacket,2
mission,2
extension,2
biological,2
fieg,2
phew,2
details,2
recreates,2
gorgeous,2
targeting,2
technica,2
foto,2
reported,2
mcmahon,2
cheat,2
struck,2
bass,2
alloy,2
fifty,2
tube,2
penn,2
hw,2
stu,2
dope,2
jake,2
rapping,2
oneself,2
hybrid,2
trancy,2
taco,2
chonce,2
italian,2
layout,2
microsofts,2
sputnik,2
testimony,2
cartoon,2
eu,2
secured,2
macia,2
agency,2
putins,2
jones,2
cooler,2
inspired,2
difference,2
grand,2
sampling,2
quote,2
amirite,2
politifiact,2
fairy,2
overtime,2
jewelry,2
leadership,2
laundry,2
kisses,2
shout,2
fergusons,2
amid,2
adding,2
sunshine,2
uber,2
noise,2
met,2
leisure,2
aggressive,2
recall,2
drama,2
prompts,2
voter,2
elite,2
favs,2
rappers,2
role,2
amongst,2
dry,2
needed,2
loop,2
investigate,2
ad,2
celebrations,2
dukes,2
avenue,2
schwarber,2
lith,2
infinity,2
brunette,2
lower,2
hug,2
revolt,2
impressive,2
diarrhea,2
rising,2
softenza,2
porridge,2
figure,2
holds,2
christians,2
vabengal,2
attic,2
object,2
tt,2
permanently,2
handle,2
squeeze,2
humaza,2
cousin,2
overwork,2
rains,2
bangin,2
portland,2
sail,2
grande,2
cracking,2
include,2
affiliate,2
marlon,2
bills,2
weak,2
critical,2
sw,2
cyclists,2
condos,2
whose,2
contract,2
rev,2
xb,2
safe,2
despite,2
jazz,2
wire,2
sharing,2
sanctions,2
palms,2
sixpenceee,2
niall,2
springs,2
charger,2
wildfire,2
grandpa,2
warning,2
artist,2
flew,2
cricket,2
simon,2
soviet,2
shock,2
define,2
joining,2
spots,2
brazilian,2
nurses,2
decisions,2
etisalat,2
tribune,2
flashbacks,2
estate,2
fran,2
shakes,2
injures,2
museum,2
otherwise,2
prayers,2
totes,2
cd,2
dopey,2
democrats,2
rayner,2
nothavenicethings,2
dems,2
tide,2
sct,2
patch,2
leagues,2
helps,2
monkeys,2
bee,2
payday,2
btw,2
tab,2
selling,2
electrical,2
camera,2
psalms,2
personally,2
pity,2
economies,2
hannemans,2
ty,2
paints,2
posted,2
nostrils,2
produced,2
boot,2
blow,2
ears,2
range,2
discusses,2
begins,2
perfectly,2
endures,2
tyler,2
awkward,2
tests,2
transformation,2
union,2
typical,2
closing,2
cr,2
droid,2
equally,2
utter,2
dmpl,2
cope,2
ahh,2
asf,2
politics,2
loans,2
skipping,2
sake,2
required,2
harmkid,2
transformed,2
apartment,2
proper,2
worries,2
pets,2
liable,2
attraction,2
actor,2
killing,2
motivation,2
seasons,2
leo,2
facilities,2
retweet,2
abandoned,2
attendance,2
schools,2
trend,2
fbi,2
pulling,2
master,2
valley,2
innocent,2
upwards,2
bill,2
favor,2
heros,2
houston,2
wmv,2
abbott,2
idol,2
tlc,2
multiple,2
barely,2
scuf,2
jhaustin,2
wicked,2
angeles,2
reids,2
andrew,2
abused,2
wce,2
crashing,2
tear,2
screw,2
vocal,2
model,2
mc,2
dorrets,2
fruits,2
versethe,2
walked,2
po,2
diverse,2
bean,2
sos,2
arrive,2
omega,2
peeps,2
vida,2
jon,2
earbuds,2
log,2
species,2
background,2
matthew,2
spain,2
serve,2
nightmare,2
jacksonville,2
org,2
wheni,2
amsorry,2
anniversary,2
milkshake,2
concept,2
accused,2
matters,2
worn,2
charts,2
largest,2
candle,2
winston,2
butt,2
scream,2
zss,2
shouldve,2
repay,2
que,2
motor,2
affects,2
uh,2
birth,2
atomic,2
ourselves,2
medium,2
wwe,2
prone,2
tracking,2
idps,2
jeep,2
contrast,2
finger,2
newberg,2
france,2
keratin,2
ames,2
dambisa,2
bath,2
continue,2
memorial,2
trial,2
pcps,2
targets,2
shipping,2
sided,2
mercury,2
rey,2
christ,2
rb,2
ronnie,2
britney,2
showed,2
cameo,2
palin,2
sweater,2
behalf,2
freak,2
cnbc,2
mentioned,2
uncle,2
levels,2
amso,2
cobra,2
preservation,2
kissed,2
detained,2
staof,2
restaurant,2
kittens,2
ouvindo,2
realised,2
reminds,2
wound,2
miles,2
retweeted,2
fir,2
ruins,2
magner,2
mt,2
intelligence,2
cop,2
diaporama,2
recover,2
shizune,2
voting,2
mentally,2
mic,2
hack,2
theological,2
sniping,2
crusty,2
stadium,2
third,2
religion,2
jordan,2
justice,2
jeff,2
dvd,2
typos,2
satan,2
pill,2
relief,2
nhs,2
stressful,2
sport,2
treatments,2
vince,2
flip,2
punished,2
cliffs,2
dates,2
gives,2
germany,2
stresses,2
snuff,2
sticks,2
prince,2
blame,2
fur,2
maketh,2
stepped,2
headed,2
sunny,2
trusting,2
waist,2
reads,2
moms,2
shadow,2
disappearance,2
cared,2
thuggin,2
swimming,2
sources,2
slip,2
gunshot,2
finds,2
brock,2
damaged,2
heartless,2
lionel,2
asks,2
ooh,2
destroying,2
form,2
incredible,2
magisters,2
inc,2
legs,2
anyways,2
posters,2
technologies,2
sees,2
dinner,2
tonights,2
generational,2
digital,2
protest,2
popularmmos,2
supports,2
regional,2
opposite,2
safely,2
heels,2
backyard,2
device,2
crime,2
july,2
faced,2
custom,2
ducks,2
cld,2
ironically,2
organic,2
bs,2
rotator,2
changing,2
concerns,2
sequel,2
checked,2
acoustic,2
cables,2
shoulders,2
medicine,2
darkest,2
tool,2
smiling,2
fairfax,2
ego,2
dutch,2
ferguson,2
copycats,2
hr,2
gd,2
part,2
visto,2
brave,2
mountaineering,2
prison,2
mega,2
transporesearch,2
fighters,2
whomever,2
architect,2
outdoor,2
whatsapp,2
prod,2
acting,2
van,2
gig,2
google,2
soldier,2
growing,2
boundaries,2
confirmed,2
bother,2
bicycle,2
installation,2
johnny,2
hutch,2
tape,2
ability,2
sippin,2
fired,2
overload,2
skiblue,2
delete,2
sudden,2
exciting,2
adventures,2
sunset,2
soooo,2
vip,2
respected,2
credit,2
heavenly,2
hill,2
harper,2
couldve,2
retail,2
godslove,2
deserve,2
whoever,2
elbow,2
hmu,2
file,2
wom,2
bunch,2
lamha,2
retro,2
relationship,2
sony,2
available,2
deadly,2
locke,2
hearthstone,2
andi,2
micom,2
disgusting,2
santa,2
lately,2
factory,2
orders,2
gbbo,2
hoax,2
plot,2
vets,2
slicker,2
jumped,2
salty,2
although,2
setlist,2
picking,2
fallacy,2
ontario,2
turning,2
matches,2
imagined,2
detroit,2
australian,2
doctor,2
jacque,2
dropping,2
edge,2
fixing,2
reporting,2
relive,2
stuck,2
blues,2
violence,2
emails,2
hike,2
rape,2
rory,2
las,2
birds,2
espn,2
mistake,2
kindness,2
racist,2
earned,2
olive,2
period,2
bully,2
lasting,2
vest,2
foster,2
shaw,2
smiles,2
tune,2
gravel,2
follower,2
junk,2
leg,2
clouds,2
matching,2
smooth,2
ian,2
grandeur,2
vibez,2
whipped,2
instructions,2
stout,2
ocean,2
talent,2
poem,2
advertised,2
tita,2
demon,2
flying,2
allegations,2
waterways,2
triggered,2
wpri,2
immediately,2
mil,2
genuine,2
kidding,2
steak,2
oo,2
peoples,2
battleship,2
diablo,2
ik,2
bowling,2
shanghai,2
marshall,2
cladding,2
predict,2
drugs,2
scorpions,2
sorrows,2
remains,2
urs,2
mutual,2
subject,2
software,2
sarcasm,2
event,2
winds,2
warcraft,2
fake,2
skanndtyagi,2
vet,2
lyrics,2
farm,2
juice,2
materials,2
agrees,2
likei,2
oral,2
fixed,2
rn,2
canvas,2
feelin,2
units,2
ruined,2
sand,2
located,2
crater,2
everybody,2
richard,2
standing,2
band,2
burnt,2
skyline,2
crowd,2
newbie,2
murderers,2
disease,2
lolol,2
dances,2
east,2
tied,2
abortion,2
private,2
remix,2
poorly,2
ex,2
aussie,2
rene,2
console,2
bts,2
trail,2
accustomed,2
chat,2
hopes,2
yr,2
sham,2
buffalo,2
interest,2
mud,2
lance,2
weallheartonedirection,2
esh,2
tan,2
activities,2
empire,2
rapidly,2
sn,2
photographer,2
tells,2
traditional,2
bigger,2
healthy,2
performance,2
preparedness,2
hardly,2
elsa,2
bread,2
return,2
normal,2
nostalgia,2
kaboom,1
wbu,1
joys,1
restrospect,1
jocelyn,1
oracle,1
followed,1
conceaugust,1
railguns,1
chemically,1
revealing,1
venezuela,1
rampage,1
cc,1
accountable,1
giveaway,1
ktfounder,1
exclamation,1
mid,1
nne,1
nwo,1
schoenfeld,1
reserved,1
missiles,1
ooohshitscreams,1
heartland,1
soaked,1
panel,1
pumpkins,1
counter,1
chiefs,1
cybersecurity,1
morebut,1
whoa,1
helios,1
rescuedagain,1
celticindeed,1
boylesports,1
pointless,1
bb,1
tsunamis,1
shouout,1
pioneer,1
kijan,1
zenit,1
pleb,1
contrasts,1
porcini,1
farther,1
cave,1
gr,1
tru,1
yeyeulala,1
hahahaha,1
bitscreamed,1
buddy,1
punishable,1
monthly,1
calorie,1
sht,1
explanation,1
haram,1
uhmmmm,1
crest,1
pathfinders,1
lnp,1
pizzas,1
humor,1
tomislav,1
credited,1
litter,1
mugged,1
pam,1
maximum,1
necros,1
promotion,1
commitment,1
dal,1
amjust,1
suns,1
breakdancers,1
elitist,1
calmstillness,1
mortified,1
frustration,1
bark,1
noxdv,1
edwin,1
soz,1
greasy,1
overall,1
browns,1
barra,1
firepower,1
mint,1
shite,1
costing,1
fittscott,1
dorling,1
items,1
noob,1
gut,1
philadelphia,1
zonesthank,1
superstition,1
shadows,1
alaskan,1
sirmione,1
glove,1
stare,1
bfederal,1
kororinpa,1
applaud,1
importance,1
hermitage,1
affair,1
withdraws,1
meddling,1
ercjmnea,1
kaiser,1
slaves,1
diversified,1
remarkably,1
rosenbergs,1
diseases,1
pedro,1
waterproof,1
haw,1
celtic,1
destined,1
positivity,1
expanding,1
yhngsjlg,1
tasted,1
groceries,1
rude,1
supportive,1
fodix,1
moulding,1
overzero,1
sackville,1
burger,1
tanks,1
hoof,1
bioter,1
breakingfalling,1
bolstering,1
morn,1
inject,1
moe,1
harman,1
civilians,1
hazardu,1
trade,1
stag,1
sha,1
mum,1
inspect,1
essenceofme,1
tantrums,1
negotiations,1
jag,1
sequence,1
farmers,1
mm,1
proxies,1
vinnie,1
fueled,1
courage,1
heapierc,1
goof,1
demco,1
uniforms,1
ddos,1
dragneel,1
albertsons,1
abject,1
shoppe,1
spurs,1
shanaynay,1
southampton,1
microwave,1
lume,1
gtservers,1
farmr,1
underway,1
ropes,1
bannister,1
clawing,1
downing,1
ogt,1
foreclosed,1
mrc,1
kenji,1
smth,1
hed,1
letdown,1
randy,1
sunrays,1
skywars,1
overlooked,1
hammond,1
equals,1
hull,1
twin,1
slamming,1
goats,1
connection,1
finer,1
knockout,1
everest,1
lee,1
bummer,1
lag,1
stacarpooling,1
badges,1
oiled,1
hasbro,1
obligatory,1
kings,1
radneck,1
europe,1
meowing,1
favorites,1
abbruchsimulator,1
breast,1
ratio,1
deceased,1
pb,1
diesel,1
prosecute,1
beastly,1
meson,1
extensive,1
drago,1
vanessa,1
canal,1
rousey,1
slithering,1
pams,1
scourge,1
rom,1
remaster,1
abandon,1
bodys,1
debbie,1
wheel,1
contest,1
bats,1
haaaaaa,1
trynna,1
warra,1
acc,1
mineenjoybabes,1
seasonfrom,1
kitchen,1
afor,1
lapaka,1
develoent,1
minimal,1
carefully,1
lizard,1
label,1
eisenhower,1
romp,1
kelloggs,1
prove,1
plymouth,1
lulu,1
waitso,1
tens,1
nail,1
shtap,1
continuinglet,1
factors,1
galaxy,1
kissimmee,1
emailed,1
kasich,1
destructions,1
science,1
floated,1
transfer,1
titolo,1
gypsy,1
mmk,1
opens,1
mataas,1
scenes,1
pga,1
xmas,1
metrotown,1
atl,1
activate,1
todayhave,1
entitlement,1
commence,1
catholicismhomophobia,1
dmt,1
heals,1
mxaaaa,1
roleplay,1
weirdo,1
dominant,1
moonlight,1
yolk,1
alliance,1
greenway,1
sharper,1
mustve,1
monitor,1
ren,1
looooooooooool,1
legwalked,1
shixl,1
trials,1
conklin,1
phenomenal,1
incessant,1
disappearing,1
quarrels,1
heato,1
nights,1
furious,1
whale,1
friendships,1
combining,1
lesson,1
principle,1
faulty,1
identical,1
cervix,1
ensuing,1
weigh,1
booze,1
scaligero,1
camper,1
switching,1
gucci,1
ploppy,1
finn,1
nexus,1
defeater,1
stones,1
chairs,1
gyp,1
slain,1
stable,1
mthe,1
puny,1
flatts,1
glenn,1
leprosy,1
amber,1
buck,1
forgets,1
lloyds,1
babalmaowelcome,1
unu,1
thugging,1
hamptonroadsforme,1
whod,1
grilled,1
nephew,1
hem,1
silinski,1
homemade,1
highway,1
enhanced,1
kaldi,1
aminternally,1
bred,1
evolve,1
unto,1
beatz,1
protection,1
enablement,1
atm,1
masterfsloths,1
nothedo,1
doretts,1
vaca,1
heagone,1
argument,1
frp,1
ditto,1
corruption,1
oem,1
avoided,1
ohhhh,1
blaming,1
jamie,1
buffs,1
roy,1
sophistication,1
nato,1
float,1
sandwich,1
ghetto,1
dealing,1
yoenis,1
crusade,1
mixxtail,1
blocks,1
tropes,1
hotter,1
wais,1
penneys,1
witches,1
dtb,1
tutorials,1
cocker,1
testified,1
chucker,1
showdown,1
lips,1
fforecast,1
conceat,1
complaining,1
sticking,1
implication,1
avysss,1
yee,1
sl,1
dorman,1
introduction,1
shorts,1
extends,1
splattershot,1
timebomb,1
promoted,1
pais,1
parisian,1
advance,1
transporta,1
oversee,1
boone,1
liberty,1
myelf,1
desecrates,1
bcs,1
pll,1
natwest,1
demeanor,1
engage,1
sassy,1
noses,1
lamarcus,1
abrut,1
existant,1
defeat,1
coast,1
jasmine,1
mino,1
density,1
bastards,1
amtraumatised,1
noah,1
achieving,1
sock,1
rizzo,1
sticker,1
recipe,1
yuan,1
figured,1
khans,1
fadc,1
mba,1
term,1
actavis,1
horoscope,1
sis,1
snuck,1
heading,1
goooooooaaaaaal,1
terrific,1
nba,1
bd,1
belongs,1
silverman,1
protests,1
experts,1
indy,1
canberras,1
icarus,1
employs,1
discussing,1
aggression,1
zombies,1
fatalitiesx,1
anchors,1
um,1
oooh,1
collie,1
sponsor,1
hillarymass,1
didbut,1
illusoria,1
ris,1
psychologist,1
iron,1
studebaker,1
tommorow,1
jump,1
precious,1
boots,1
takeaways,1
ampayne,1
metallica,1
decides,1
stores,1
hurt,1
chrysler,1
ravioli,1
untill,1
demi,1
akito,1
willinghearted,1
greg,1
temperature,1
marquez,1
puppet,1
nation,1
remaining,1
psfda,1
vuln,1
verde,1
assad,1
finance,1
crbzfz,1
listing,1
bloggers,1
inevitably,1
catlow,1
auc,1
insomniacs,1
decreases,1
appreciated,1
dub,1
huntington,1
factor,1
com,1
gpv,1
es,1
gif,1
deflategate,1
wooooooo,1
intended,1
experiencesmh,1
disgrace,1
ticketed,1
championsblackfoot,1
ghe,1
groaning,1
splifs,1
auth,1
hints,1
audiences,1
probe,1
mofo,1
hamburg,1
ngx,1
ds,1
intertwine,1
returns,1
chaning,1
hillside,1
smoochy,1
convincing,1
boxset,1
longs,1
oceans,1
practices,1
healthcare,1
unpacked,1
sayin,1
amorfiendi,1
salyersblairhall,1
emergencies,1
teammates,1
rebahes,1
equients,1
liar,1
monicas,1
blackburns,1
mahalo,1
sanford,1
dierks,1
noises,1
migrating,1
heated,1
adopt,1
willian,1
ava,1
cultivating,1
ongame,1
deafening,1
rumah,1
wifekids,1
weaponi,1
waterfur,1
anderson,1
nathans,1
result,1
locomotive,1
apiece,1
amabout,1
slave,1
remembers,1
expand,1
hitsingle,1
association,1
lickin,1
kunstler,1
copper,1
enormous,1
toxic,1
manage,1
enterprise,1
matt,1
unconscious,1
crozes,1
included,1
peaceloverescue,1
nno,1
handicapped,1
optimization,1
akame,1
songfor,1
shapeand,1
rant,1
waits,1
fangirling,1
unimpressed,1
rants,1
dem,1
lemme,1
suvs,1
redemption,1
hao,1
talks,1
electrostatic,1
scratches,1
bellerin,1
hunchback,1
pundit,1
dorrie,1
poplar,1
putin,1
cech,1
isisi,1
lowkey,1
backty,1
cabling,1
birminghams,1
yuppies,1
belly,1
demonstration,1
lou,1
innit,1
corey,1
lyrium,1
zero,1
scum,1
blks,1
nigh,1
amiles,1
veld,1
umbrella,1
paths,1
kay,1
simulate,1
celestial,1
courtof,1
lous,1
zicac,1
cocktail,1
shuffle,1
ortiz,1
cooling,1
barcelona,1
directory,1
arse,1
stan,1
postcards,1
paine,1
paris,1
reebok,1
gauze,1
africans,1
daubt,1
hatzolah,1
heajust,1
annoyed,1
unnecessary,1
hank,1
sept,1
disappointed,1
ripriprip,1
partnerships,1
throwback,1
integrates,1
swingman,1
shooter,1
paulista,1
godly,1
avoiding,1
berahino,1
gunned,1
swarm,1
massage,1
addicts,1
ferno,1
protected,1
startups,1
fnaf,1
oks,1
foragesecret,1
alhaji,1
dries,1
examiner,1
footballs,1
anakin,1
suitable,1
wk,1
pp,1
convinced,1
dislike,1
panicked,1
malt,1
goooooooo,1
va,1
amazons,1
sends,1
represents,1
aredeluged,1
endless,1
wnukes,1
preferable,1
donny,1
helen,1
shuffled,1
perceive,1
nomiya,1
notion,1
dressing,1
overrated,1
saddle,1
betting,1
snoop,1
imouto,1
slsp,1
statements,1
responding,1
generous,1
drivers,1
ohgod,1
exclusive,1
wolves,1
exo,1
moves,1
suddenly,1
plummeting,1
riches,1
luiz,1
theatre,1
mfi,1
lees,1
forsythe,1
morningandi,1
cursed,1
cristiano,1
mastered,1
clicks,1
paypile,1
blubber,1
excuse,1
elm,1
experimental,1
guessing,1
tesco,1
greed,1
takis,1
departments,1
locomotives,1
temptation,1
currency,1
descriptive,1
pinf,1
rediscovered,1
brainless,1
sbee,1
dancefloor,1
yellow,1
nosso,1
littlebitofbass,1
wedneday,1
exhibitor,1
jerkface,1
daisy,1
nui,1
ell,1
buroker,1
gobsmackeddevastated,1
presume,1
delta,1
windowsill,1
sniiiiiiff,1
counterstrike,1
shuts,1
slate,1
anxious,1
drafted,1
io,1
pee,1
aim,1
gameofkittens,1
forfeiting,1
apparent,1
frequently,1
hidden,1
walker,1
motordom,1
secures,1
devote,1
tracey,1
wb,1
effoin,1
minimum,1
rchs,1
clearedincident,1
notes,1
herei,1
brunt,1
gary,1
peeked,1
keeper,1
shoball,1
outbreak,1
someday,1
rigga,1
baseman,1
brahmans,1
swea,1
rsa,1
reminders,1
saunders,1
wolf,1
jeans,1
zarharzar,1
tat,1
entertain,1
uncles,1
tellyandi,1
caribbean,1
pars,1
photographed,1
stool,1
zeros,1
staid,1
dial,1
saison,1
pharaoh,1
installed,1
osteen,1
milne,1
prosper,1
argh,1
estimate,1
leicestermerc,1
pictures,1
ahhhhh,1
cringes,1
forbids,1
themed,1
vacancies,1
tipster,1
animatronics,1
preconditioning,1
giorgio,1
quiet,1
chilli,1
jacinta,1
overwhelming,1
disclaimer,1
completed,1
senzu,1
sincethe,1
ocuana,1
chews,1
crippling,1
pastures,1
tunes,1
harden,1
colored,1
routine,1
followback,1
browner,1
awesomesauce,1
vita,1
aandw,1
soultech,1
pump,1
fighterdena,1
blending,1
performing,1
cocky,1
personalize,1
wiped,1
dysfunctional,1
devereaux,1
dunking,1
politic,1
coal,1
hub,1
billings,1
torso,1
inches,1
realism,1
crooks,1
hapa,1
affecting,1
angelina,1
juanny,1
rjailbreak,1
hacked,1
deglin,1
separate,1
misty,1
skinless,1
advances,1
trains,1
dogger,1
wtwitter,1
dak,1
submitting,1
masterpiece,1
beet,1
stealth,1
joint,1
shiver,1
snippets,1
marketer,1
pawsox,1
juliet,1
hacks,1
pd,1
bracelet,1
grayed,1
peak,1
lesotho,1
worthless,1
rifles,1
exchangetechnology,1
primal,1
ludest,1
switch,1
int,1
dieplease,1
blocking,1
henry,1
illuminated,1
dougs,1
tunas,1
wank,1
itinerary,1
kiddie,1
mencius,1
saturn,1
farts,1
realities,1
plaza,1
printable,1
bait,1
amcx,1
slides,1
publishing,1
hotbox,1
displeased,1
conflicts,1
lan,1
favorited,1
gigawatts,1
mats,1
wm,1
nout,1
namjoons,1
bye,1
cs,1
lashings,1
utica,1
phantasmal,1
pink,1
scandal,1
certificates,1
midfield,1
consumerist,1
dismantling,1
brazil,1
kashs,1
hickson,1
chefs,1
invest,1
flaws,1
flips,1
heawannabe,1
jp,1
magnitude,1
strand,1
kgb,1
txt,1
vermilion,1
effogets,1
squeezed,1
tonighti,1
fowhen,1
donnelly,1
belief,1
margarita,1
northumberland,1
testicles,1
islamic,1
settle,1
lorries,1
traces,1
spies,1
sel,1
arespecting,1
risks,1
tidal,1
excellence,1
weightless,1
md,1
sweeping,1
freaking,1
preorder,1
fleetwood,1
commencement,1
singles,1
mar,1
duckvillelol,1
java,1
monwabisi,1
liguistic,1
pounding,1
wonders,1
durant,1
spokes,1
homicides,1
prohibits,1
itstraight,1
boyhaus,1
suppo,1
paramore,1
suitso,1
skynet,1
laughtraders,1
greening,1
itshouldnt,1
grove,1
wears,1
stern,1
paperback,1
tiffanyfrizzell,1
chips,1
gargoyle,1
epileptic,1
socket,1
trinity,1
promised,1
awn,1
trp,1
sterling,1
freaked,1
workspace,1
aiii,1
bumpin,1
creepiest,1
busty,1
islamaphobe,1
liver,1
jota,1
bowhunting,1
revenge,1
hesse,1
ontejc,1
involves,1
teemo,1
dfr,1
bleed,1
blaaaaaaa,1
cautious,1
french,1
rave,1
intact,1
andask,1
knowledge,1
cougars,1
equalizer,1
jobbing,1
jar,1
unconsciously,1
copa,1
individuals,1
magical,1
capsize,1
reactors,1
careless,1
reusing,1
principles,1
woes,1
cain,1
ridiculously,1
beneath,1
precisionistic,1
concur,1
griffin,1
router,1
metre,1
heartache,1
higuains,1
ultra,1
lookss,1
wallybaiter,1
meansit,1
theme,1
lindsay,1
proven,1
hailthe,1
cab,1
journalism,1
facing,1
rconspiracy,1
playstation,1
holmes,1
bathroomits,1
mutant,1
lively,1
upa,1
remade,1
offended,1
derma,1
iphone,1
hockey,1
raid,1
demand,1
pilloried,1
hired,1
altamonte,1
creamfields,1
dynasty,1
lender,1
mania,1
brownie,1
frail,1
infomercial,1
catfish,1
statistically,1
daniel,1
gog,1
thatnot,1
cosmetic,1
idm,1
netflix,1
blvd,1
pind,1
lanford,1
inequality,1
speak,1
standardized,1
induced,1
mannered,1
fri,1
mysteries,1
roanoke,1
jiahahahha,1
nick,1
accompanying,1
parter,1
vantage,1
commercials,1
lemonade,1
fade,1
notwaittoplayinminneapolis,1
jinx,1
filmed,1
brackets,1
ungodly,1
lara,1
piping,1
addiction,1
modernize,1
leafs,1
emo,1
crystal,1
kendall,1
troupe,1
tps,1
fourth,1
cleaning,1
ect,1
hatred,1
oli,1
suppoin,1
engineers,1
blunts,1
idgaf,1
terrorists,1
lrefer,1
improvements,1
syndrome,1
challenging,1
smug,1
shifter,1
realizations,1
ee,1
gtxrwm,1
couback,1
helmet,1
religious,1
sadtraumatised,1
cyhi,1
sour,1
overturesplease,1
fairly,1
shirley,1
afflecki,1
licenses,1
directors,1
dvds,1
crisis,1
proportions,1
gag,1
radical,1
yellows,1
bearers,1
grass,1
abortions,1
federal,1
pra,1
scott,1
underwater,1
finale,1
hahahahai,1
analog,1
stacharging,1
sara,1
agw,1
pikachu,1
hopfer,1
ricotta,1
messi,1
significance,1
gunk,1
pone,1
waitschool,1
lmfaooo,1
certificate,1
facts,1
robot,1
distress,1
delaying,1
redesigning,1
gosh,1
checks,1
dreaming,1
cosima,1
fgcu,1
expenses,1
itsinking,1
wheat,1
fever,1
expansive,1
bod,1
suppoour,1
scare,1
dubloadz,1
practicing,1
mixed,1
transgendered,1
ebb,1
doco,1
donnie,1
returned,1
politely,1
unfortunemelody,1
welfare,1
rindou,1
francis,1
admitseras,1
biker,1
arizona,1
mets,1
tunein,1
beloeil,1
porcupine,1
delusions,1
upgraded,1
kerri,1
testing,1
pointsare,1
bulls,1
damp,1
padded,1
courtney,1
speeding,1
bo,1
postal,1
gn,1
citi,1
skys,1
blackwhite,1
vassalboro,1
sr,1
babes,1
questionfatalityflawless,1
celebrety,1
zoom,1
residential,1
locks,1
wxia,1
brutally,1
defence,1
bachmann,1
communicate,1
telegraph,1
bruise,1
drumpf,1
insides,1
bashing,1
absurdly,1
notificationsu,1
mma,1
omfg,1
doessnt,1
misguided,1
magnetic,1
hurled,1
worldpay,1
loading,1
smokes,1
misled,1
thousand,1
homepage,1
trashed,1
transcendblazing,1
floors,1
defines,1
fuelgas,1
britains,1
invited,1
agnus,1
midst,1
achieve,1
straighten,1
wrote,1
serene,1
quoted,1
bicentennial,1
petebests,1
cookie,1
tusky,1
whine,1
yum,1
session,1
ciggs,1
kettlebell,1
contacts,1
navigating,1
ethiopian,1
aesthetic,1
huzzah,1
qualit,1
bwin,1
carl,1
hater,1
plz,1
dvbbs,1
newidea,1
keegan,1
ct,1
loathing,1
shoon,1
subconscious,1
troops,1
manei,1
likes,1
gazebo,1
bleachers,1
stephenscifi,1
ash,1
beliefs,1
resources,1
worseits,1
accounts,1
annddd,1
faried,1
groin,1
sasha,1
sneezing,1
repoon,1
implode,1
knoxville,1
contain,1
repulsive,1
exofficio,1
amshaking,1
piercings,1
vegetable,1
poc,1
chipper,1
comparison,1
dough,1
removed,1
lifelong,1
crept,1
ancop,1
meats,1
chronicle,1
kp,1
reddish,1
twilights,1
losses,1
esp,1
staffing,1
kinetic,1
moblins,1
clothing,1
childress,1
dwight,1
pochette,1
crescent,1
pisces,1
staat,1
aching,1
buffet,1
spree,1
favoritism,1
huus,1
disrespect,1
eheks,1
mesmerizing,1
coolest,1
arts,1
narcissism,1
eyeball,1
omw,1
anime,1
mopheme,1
wifi,1
iranian,1
summertime,1
fm,1
fees,1
ltmeltdown,1
brzjc,1
ahhh,1
nobleman,1
closeup,1
impressions,1
submissions,1
jealous,1
ooooohshit,1
rightsgenerally,1
reafs,1
bracing,1
albany,1
incase,1
trespass,1
mccormick,1
extender,1
josephus,1
caked,1
pamela,1
soil,1
nevermore,1
positively,1
ditched,1
comics,1
airport,1
targeted,1
wheatley,1
amsure,1
sewing,1
ergo,1
yuuko,1
breaches,1
mouse,1
amjumpin,1
gate,1
priests,1
rails,1
corp,1
jj,1
lived,1
gyrsi,1
telltales,1
stalag,1
orianna,1
bearer,1
greenspace,1
developer,1
hisao,1
magazines,1
strutted,1
cleav,1
fkn,1
benedict,1
ngata,1
chains,1
foo,1
reviewers,1
paying,1
classes,1
embraced,1
heaxv,1
amdrowned,1
hypocrisy,1
mistress,1
incompetent,1
sniff,1
satisfying,1
awol,1
savs,1
worker,1
blacks,1
itshows,1
graywardens,1
amo,1
narrated,1
hitch,1
florence,1
occupational,1
journeys,1
romeo,1
considering,1
diagnosis,1
insurers,1
buffering,1
hogging,1
mingo,1
koz,1
managed,1
captures,1
daniels,1
ullman,1
vibrates,1
hastle,1
spam,1
adoption,1
dm,1
diego,1
smfh,1
painful,1
buseys,1
handside,1
metaphorically,1
woah,1
piercing,1
bot,1
rivieres,1
apologies,1
punishment,1
clients,1
gordon,1
karma,1
gang,1
rightways,1
suspected,1
brinx,1
chances,1
dessicated,1
cydia,1
offside,1
pens,1
renovation,1
twitch,1
cosme,1
collective,1
supply,1
techniqu,1
lengths,1
yourselves,1
ventilated,1
snowflake,1
improve,1
virtual,1
passenger,1
filming,1
negara,1
practitioner,1
retard,1
sunburst,1
macs,1
pfft,1
lieu,1
ctr,1
tarynel,1
gwatt,1
deeply,1
oklahoma,1
byityf,1
ruthann,1
destination,1
origins,1
domesticate,1
fruitsnacks,1
liv,1
cabin,1
reunite,1
comp,1
wyrmwood,1
dhalgren,1
fa,1
pedestrian,1
usatodaynfl,1
knowlddge,1
akwa,1
grandad,1
emile,1
wolforth,1
kenneth,1
perth,1
fitness,1
epl,1
semi,1
harshly,1
fools,1
uhc,1
telly,1
glitter,1
dilutional,1
incremental,1
deemed,1
depressed,1
whiskey,1
hue,1
hamstring,1
athletics,1
templates,1
leos,1
factsheet,1
viscous,1
waldo,1
pickle,1
pol,1
rome,1
salisbury,1
elephants,1
mav,1
benothing,1
accept,1
iinet,1
corner,1
ocd,1
undermined,1
beside,1
encaustic,1
lucio,1
gays,1
failed,1
hendrixonfire,1
tories,1
workforce,1
unsecured,1
stretched,1
kanye,1
galifianakis,1
knife,1
irrespective,1
bash,1
heavy,1
victorious,1
puncture,1
nsf,1
escaping,1
psp,1
racco,1
intentions,1
breed,1
microbes,1
rat,1
savages,1
sons,1
involved,1
unloads,1
spells,1
cabbage,1
thee,1
lpdkl,1
imbalances,1
flopping,1
reshapes,1
wy,1
wilshere,1
ralph,1
raccoons,1
amthe,1
megan,1
christian,1
policies,1
catcher,1
bricks,1
reps,1
ltz,1
specialized,1
caesar,1
angels,1
bcz,1
freeing,1
weaknesses,1
unfollow,1
infectionsdeaths,1
frusciante,1
leaders,1
rdo,1
vroman,1
freiza,1
substancei,1
spit,1
scrolling,1
upsetting,1
vestment,1
jared,1
mosquito,1
beastin,1
brisk,1
persistent,1
ud,1
cuffs,1
hadnt,1
infiltration,1
pays,1
clotheshow,1
landscape,1
awash,1
viper,1
disruptive,1
procedures,1
wanother,1
yesterdays,1
sansa,1
agreeshe,1
institutionalize,1
colleenmnelson,1
handsome,1
reed,1
earn,1
location,1
pirate,1
busy,1
rhymes,1
usfs,1
asses,1
adsit,1
ripple,1
amiibos,1
rsx,1
wlandslide,1
inspiring,1
reflections,1
carnegie,1
twitteri,1
expose,1
topic,1
jenner,1
bows,1
thati,1
kc,1
surfspa,1
itsince,1
themthen,1
threesome,1
soundtrack,1
toand,1
intead,1
gotham,1
coercion,1
nuys,1
sunsets,1
fortunately,1
advantages,1
tales,1
todaygot,1
lighter,1
toooooo,1
moderately,1
xo,1
perforated,1
itseems,1
showers,1
descendants,1
bowery,1
whistleblower,1
vanderbilt,1
escaped,1
dedication,1
lawton,1
pleasant,1
jamaica,1
pads,1
freeview,1
defender,1
mwjcdk,1
mayonnaise,1
conclusions,1
downloading,1
agony,1
structuring,1
discussion,1
arrogant,1
tale,1
antonio,1
mexican,1
pouch,1
kennel,1
empower,1
rockstar,1
drifting,1
infinite,1
yyeso,1
fci,1
womem,1
bud,1
exams,1
depth,1
tightly,1
withering,1
brains,1
leedstraif,1
inspections,1
thunderstorms,1
clintons,1
bullpen,1
plummeted,1
notar,1
mlk,1
continued,1
headquarters,1
frame,1
somewhere,1
ouch,1
cowgirl,1
rub,1
morganite,1
treatmen,1
slit,1
shoreading,1
gba,1
various,1
mccain,1
repped,1
palmer,1
strikes,1
peta,1
hunted,1
fragile,1
boxed,1
heaconversations,1
sammy,1
swanger,1
legendary,1
arsonists,1
resource,1
celebration,1
backing,1
useless,1
filter,1
fiction,1
barking,1
chapoutier,1
bwp,1
meandbeat,1
choked,1
thisisfaz,1
determined,1
reasoni,1
bernard,1
trajectories,1
cucumber,1
greinke,1
easter,1
pulkovo,1
monstrosities,1
protesting,1
suspense,1
ariana,1
winter,1
stuffin,1
patrol,1
rscr,1
regent,1
align,1
influential,1
itsurvived,1
stockwell,1
liquidation,1
pedals,1
consistent,1
domains,1
talisman,1
spoi,1
portable,1
ltbgtbakeltbgt,1
wrked,1
envision,1
aguero,1
tolerance,1
scares,1
butch,1
dmd,1
thorgan,1
genitals,1
rivalry,1
includes,1
pictured,1
faan,1
sux,1
ronda,1
franklin,1
minutiae,1
experienced,1
ler,1
mclaughlin,1
easier,1
dupe,1
startup,1
voters,1
container,1
kfc,1
formula,1
mi,1
sprains,1
kicks,1
egg,1
hardcover,1
quests,1
bicep,1
wildlife,1
diaries,1
wud,1
unlocking,1
er,1
dublins,1
push,1
older,1
bajrangi,1
lamb,1
interracial,1
candylit,1
cont,1
dancers,1
hundreds,1
freddie,1
zhejiang,1
vessels,1
emmanuel,1
atleast,1
gameplaywalkthrough,1
poses,1
carful,1
horowitz,1
misfortunebut,1
fold,1
nora,1
violation,1
coaching,1
lest,1
hashtags,1
gadgets,1
trek,1
nervous,1
gallup,1
extract,1
minor,1
ritual,1
ethereal,1
joked,1
goin,1
sigh,1
chairman,1
episcopal,1
nothingness,1
charming,1
pdxabq,1
anthelmintic,1
sarcastic,1
mgn,1
forces,1
francisco,1
trad,1
elation,1
raiders,1
holt,1
pauls,1
digits,1
gesture,1
platinum,1
bedding,1
limit,1
mistreated,1
raptorsbeg,1
boi,1
situ,1
fond,1
superb,1
producer,1
ostentatious,1
wasilla,1
cognizant,1
elliott,1
berlatsky,1
hibernating,1
loner,1
carb,1
crosed,1
seeking,1
livestream,1
hsu,1
sections,1
buchana,1
observer,1
perform,1
wastelands,1
april,1
jaylenejoybeligan,1
pajamas,1
proud,1
kane,1
atlas,1
stretches,1
minerals,1
hcg,1
microchip,1
tampons,1
marble,1
amsoof,1
natsu,1
weiqin,1
horny,1
westeros,1
soaker,1
snowball,1
curse,1
repatriated,1
lesnarcena,1
sigmund,1
triumph,1
hollyw,1
shopping,1
goz,1
objective,1
suppocauses,1
administrative,1
coyotes,1
buddys,1
sucking,1
longll,1
removing,1
mechanic,1
victorian,1
chilis,1
applies,1
settlement,1
judas,1
sam,1
westward,1
sirius,1
miscalculation,1
wexler,1
maps,1
premises,1
publicizing,1
diebold,1
iraqis,1
shad,1
cap,1
authors,1
freezerdummy,1
treating,1
elecman,1
orcas,1
render,1
hurricanes,1
skiing,1
graph,1
youuu,1
lite,1
youngins,1
icegtgtgtgt,1
achievement,1
lewis,1
bard,1
rediscover,1
opinionated,1
sona,1
zonewolf,1
soap,1
nu,1
prevention,1
runnin,1
aircraft,1
comparing,1
gis,1
literature,1
underwritersenior,1
hospitality,1
mayor,1
art,1
decoration,1
quicker,1
finite,1
imported,1
ap,1
mole,1
swell,1
cousystem,1
rocking,1
mate,1
answers,1
ensuring,1
pennies,1
familia,1
wishing,1
gamescom,1
mcconnell,1
mbiwa,1
eminem,1
badge,1
rosenthal,1
georgia,1
filling,1
salopek,1
wwa,1
buff,1
radar,1
andstadribbling,1
exchange,1
wii,1
finall,1
splatdown,1
dw,1
interspersed,1
freaks,1
bg,1
amazondeals,1
heavydirtysoul,1
sewer,1
exclusively,1
drowns,1
grumpout,1
amhere,1
bday,1
resting,1
tremont,1
ml,1
aisle,1
ay,1
favors,1
twain,1
tounge,1
staining,1
speedtech,1
fylde,1
calamities,1
outnumbering,1
nuts,1
hardside,1
rigour,1
maj,1
butterlondon,1
telemarketing,1
comin,1
tokyo,1
lawn,1
leh,1
civilization,1
labor,1
bestfriends,1
cascade,1
tenno,1
nother,1
biggar,1
mgm,1
bosphore,1
focus,1
dynastic,1
imeshika,1
neighbor,1
alarmingly,1
jewish,1
audi,1
jarmusch,1
jaxmk,1
bangtan,1
holdin,1
mountains,1
dip,1
ribbon,1
worldoil,1
coolweird,1
cigs,1
afterwards,1
headlinelike,1
itsure,1
administration,1
rsf,1
vodka,1
rolo,1
ginga,1
irony,1
summons,1
basalt,1
court,1
recordi,1
mondays,1
bleeds,1
richmond,1
recap,1
est,1
timey,1
flesh,1
evade,1
dimensions,1
pope,1
continues,1
heaexploded,1
paleface,1
ch,1
dredougie,1
occurs,1
injustice,1
bandn,1
divestitures,1
manually,1
platt,1
apperception,1
casino,1
nittys,1
rubbery,1
certified,1
nowt,1
manly,1
vibrate,1
skye,1
thick,1
kinesiology,1
infectious,1
monarchy,1
ensure,1
amsal,1
stasun,1
bagged,1
looooool,1
marley,1
stirring,1
watermelon,1
beckarnley,1
purposely,1
staright,1
knw,1
hailstormwindstorm,1
puckflattened,1
abando,1
sef,1
pitcher,1
caf,1
unlocked,1
mutt,1
col,1
alarms,1
pir,1
gmcr,1
wisely,1
mocked,1
python,1
naved,1
dustpig,1
stir,1
filmmakers,1
pumper,1
cards,1
normally,1
becyme,1
tren,1
icymi,1
bookslast,1
forests,1
brit,1
cbs,1
racing,1
embarrassment,1
mia,1
bitters,1
heawhen,1
trucks,1
beating,1
pu,1
reunion,1
teddy,1
plank,1
orphanage,1
australias,1
simmons,1
gtgtthis,1
captivity,1
ahahahga,1
compensate,1
default,1
roomr,1
skylanders,1
invokces,1
janenelson,1
stapanicking,1
santanico,1
coublocks,1
commission,1
staflooding,1
driller,1
daughtery,1
mv,1
goner,1
dryer,1
marquis,1
tyre,1
mmmm,1
flushes,1
shoterm,1
bestia,1
burner,1
tuesday,1
soner,1
waved,1
naaa,1
witch,1
soudelor,1
homefolks,1
popeyes,1
temple,1
dogg,1
stewanext,1
cameroon,1
piga,1
aggressively,1
featured,1
indepth,1
unwanted,1
cmcsa,1
romero,1
follownflnews,1
bck,1
heared,1
misfit,1
huebels,1
farce,1
sweated,1
fiddle,1
petitiontake,1
melanie,1
dill,1
patio,1
houghjeff,1
mallord,1
watches,1
raft,1
demoness,1
forbid,1
fueling,1
fridays,1
roving,1
reveillertm,1
intriguing,1
faved,1
roh,1
bullshit,1
luis,1
monitoring,1
weights,1
accepts,1
parsholics,1
identification,1
patterns,1
rush,1
niagara,1
areva,1
actively,1
noooooooo,1
renewed,1
fiascothat,1
mason,1
viab,1
favorable,1
benson,1
ba,1
contribute,1
gunning,1
plotted,1
mumbling,1
faintly,1
depressing,1
crowned,1
rembr,1
ltlt,1
suv,1
champagne,1
bias,1
increased,1
marilyn,1
chords,1
mall,1
township,1
tailor,1
slander,1
exterminate,1
attempted,1
femnism,1
ruled,1
core,1
drumming,1
council,1
loses,1
elevator,1
customized,1
cheekiness,1
rhett,1
smantibatam,1
coral,1
periwinkle,1
cutter,1
eulogies,1
valuations,1
exercised,1
customers,1
meditation,1
cheer,1
gunners,1
lions,1
ecstatic,1
juicy,1
pizza,1
sparxxx,1
echoes,1
hiatt,1
observations,1
durvod,1
pharma,1
couthe,1
freeway,1
rhode,1
bah,1
fanfiction,1
oven,1
mustard,1
cypress,1
backup,1
blowers,1
renamed,1
smokers,1
arreat,1
yoga,1
sackings,1
acids,1
torrecilla,1
ibom,1
feature,1
donuts,1
atlanta,1
vergil,1
unite,1
cramming,1
korea,1
raped,1
rejected,1
mateo,1
juneau,1
requiring,1
untangle,1
ims,1
esn,1
bernardino,1
billboard,1
hung,1
abe,1
refuse,1
cleanest,1
un,1
ratingbut,1
windy,1
beard,1
architects,1
lgl,1
wyou,1
teleported,1
heabroke,1
cracker,1
akx,1
zippers,1
alisonannyoung,1
tecno,1
tonne,1
desperate,1
bentley,1
sumo,1
traction,1
doc,1
ahrar,1
ai,1
billers,1
shipwreck,1
emerging,1
dijk,1
tkyonlyfmk,1
pulse,1
soof,1
elses,1
pride,1
kenosha,1
surgery,1
unstoppable,1
recoil,1
complaint,1
ourmothermary,1
swooping,1
journalist,1
chalked,1
ambulancewe,1
segment,1
sought,1
sow,1
smack,1
grudges,1
drops,1
suspect,1
lyrical,1
proposal,1
trailed,1
naemolgo,1
paracord,1
matakomilk,1
punch,1
moist,1
occurrence,1
suicides,1
machines,1
heasinking,1
midsummer,1
shade,1
mre,1
bci,1
creation,1
liking,1
chuck,1
salute,1
bak,1
goodlookrunning,1
bore,1
antiochus,1
rl,1
marines,1
rally,1
thanking,1
cactus,1
emmerdale,1
gangstermail,1
progressives,1
rvaping,1
dispatchers,1
distraction,1
vivian,1
sip,1
esteem,1
epsom,1
smoothed,1
modified,1
appraisal,1
stressing,1
announce,1
peers,1
bedrooms,1
influencers,1
lu,1
graduated,1
shadowed,1
weren,1
officials,1
shocking,1
underground,1
fiona,1
crunchy,1
imposition,1
reacts,1
effectiveness,1
urine,1
jedi,1
cbc,1
astrologian,1
halsey,1
courts,1
homies,1
josh,1
notley,1
delicious,1
fab,1
recycling,1
vegassolitude,1
blowing,1
juan,1
motion,1
hindsight,1
agdq,1
runabout,1
shostory,1
flame,1
freyas,1
towards,1
shear,1
lonelyness,1
hector,1
conquest,1
tomorrows,1
astroturfers,1
theirs,1
attendees,1
storen,1
arena,1
loko,1
shaken,1
marrie,1
headdesk,1
alton,1
flawless,1
flowers,1
focalhoun,1
begun,1
humid,1
pilots,1
hiroshima,1
whistle,1
folks,1
brits,1
apartments,1
nissan,1
architecture,1
nsa,1
magog,1
inflicted,1
arti,1
rantipozi,1
copied,1
spiderweb,1
madara,1
batteries,1
lining,1
capitulation,1
mississippi,1
soggy,1
killers,1
sounding,1
pediatric,1
chapter,1
correlate,1
cl,1
summon,1
typography,1
paii,1
dante,1
tfl,1
interrupt,1
pharrell,1
fixingmatch,1
iclown,1
tangled,1
receipts,1
plug,1
overtook,1
niqqa,1
maaaaan,1
formation,1
stevie,1
murlo,1
apawhile,1
dh,1
zodiac,1
lumbar,1
wage,1
wealth,1
joseph,1
sue,1
quarter,1
nate,1
vocalist,1
solicitor,1
mercenary,1
blessing,1
purified,1
vela,1
daem,1
kenny,1
savior,1
cereal,1
sensitive,1
appropriate,1
buffer,1
lightening,1
beetroot,1
zumiez,1
symantec,1
oamsgajagahahahi,1
starr,1
rider,1
improvement,1
weighs,1
buffetts,1
lana,1
rabidmonkeys,1
vent,1
charlies,1
drools,1
sentient,1
decrease,1
montana,1
alexis,1
scarlet,1
controller,1
graveyard,1
iranians,1
staevery,1
sevenfold,1
seward,1
keen,1
zrnf,1
meaningless,1
olap,1
usat,1
acted,1
professional,1
reopen,1
venoms,1
gladbach,1
unwarranted,1
cyclist,1
ranking,1
regime,1
collab,1
spectacular,1
faction,1
lenore,1
mipasho,1
meltdowni,1
construct,1
gummy,1
electricity,1
suckers,1
nycfc,1
pug,1
shakespeares,1
mixes,1
gmt,1
marketwatch,1
tu,1
yessum,1
whistled,1
brightly,1
striker,1
publish,1
forms,1
defensive,1
aspiring,1
tweetstorm,1
tenshi,1
lima,1
somethin,1
suppolife,1
stacy,1
nov,1
pestle,1
provided,1
hairbut,1
packing,1
elevation,1
monetary,1
suppocrumbling,1
manual,1
elect,1
eliminate,1
versions,1
bridgework,1
westmarch,1
horrors,1
magne,1
hitters,1
hungrier,1
stalled,1
hills,1
olivers,1
dom,1
addresses,1
suck,1
mouth,1
rogers,1
jerseys,1
reset,1
terrifying,1
assessment,1
lefties,1
batista,1
witness,1
reputation,1
rubbing,1
athlete,1
nailreal,1
heavet,1
douchebag,1
esoteric,1
introduced,1
decriminalized,1
richelieu,1
netanyahu,1
puth,1
notmisskid,1
arsenals,1
photoset,1
shen,1
goodness,1
felons,1
wld,1
mommys,1
amhorsefly,1
collaborating,1
martsun,1
alves,1
division,1
distinct,1
ddnt,1
err,1
heahas,1
fluid,1
reinstate,1
loosers,1
tutor,1
hahah,1
specials,1
maintain,1
lax,1
redlands,1
aust,1
robeconquest,1
paws,1
overdrive,1
vietnamese,1
warns,1
dobut,1
bal,1
challenged,1
yh,1
obstacles,1
podcast,1
judicial,1
longaberger,1
poured,1
paperwork,1
hexagon,1
hayden,1
dipping,1
outbreed,1
thai,1
stewaand,1
ari,1
cloudy,1
mraffleck,1
circular,1
cilla,1
ethics,1
sms,1
hatchet,1
gritty,1
foreboding,1
holmgren,1
whashtag,1
dorrian,1
forthright,1
odell,1
dating,1
wcw,1
disciplinary,1
akamon,1
coils,1
albertans,1
enjoying,1
tours,1
oppressed,1
forgiving,1
hitsome,1
cnn,1
froze,1
hugged,1
courses,1
coworker,1
olivi,1
learned,1
trunk,1
crayons,1
drob,1
suppoand,1
partners,1
munch,1
sama,1
iclowns,1
penetrate,1
snd,1
wonderkid,1
stabbing,1
lifeits,1
inroicesmake,1
nuked,1
giggling,1
pbcanpcx,1
churchill,1
anchor,1
vines,1
safaris,1
praise,1
biting,1
molten,1
cunt,1
ensures,1
salvages,1
adelaide,1
mash,1
june,1
murphy,1
negros,1
shidddd,1
void,1
fusion,1
smp,1
expressioncheeks,1
bulgarian,1
foods,1
wiedemer,1
moan,1
welcomes,1
appoints,1
dawson,1
backlash,1
parade,1
freeze,1
motivator,1
trixiedrowned,1
dirumah,1
camps,1
bama,1
reversal,1
cabecame,1
destiel,1
haircuts,1
shawieshawie,1
breeder,1
lizards,1
isai,1
spaniels,1
monty,1
neck,1
whoops,1
waters,1
ferrell,1
rbi,1
chinese,1
convertible,1
freshness,1
eo,1
splatoon,1
fdbdp,1
planted,1
grenade,1
important,1
became,1
infoorder,1
visiting,1
weakness,1
astonishing,1
lateri,1
language,1
deserves,1
chann,1
sprinklers,1
goodbyes,1
politicized,1
letter,1
condition,1
server,1
demons,1
dilawri,1
bwpwrong,1
encounters,1
hlongwane,1
meanwhile,1
downright,1
smayou,1
zach,1
strangers,1
rivals,1
equation,1
mezcal,1
amjokin,1
artificial,1
mk,1
slightest,1
vulnerable,1
freestyles,1
tracy,1
hoped,1
subtle,1
bashes,1
bhavanas,1
saturation,1
cardboard,1
jan,1
nottingham,1
solved,1
aspects,1
coma,1
loa,1
stacks,1
adiscussed,1
appease,1
julian,1
comic,1
insure,1
cams,1
infamous,1
kosciusko,1
potter,1
domain,1
duh,1
floridas,1
commas,1
wingers,1
amazed,1
preston,1
narry,1
solve,1
fundwhen,1
reboot,1
darken,1
saint,1
sparkz,1
transporting,1
geekapocalypse,1
lobbied,1
benjamin,1
vickers,1
jolie,1
struggling,1
vaccines,1
maker,1
titanic,1
infantryman,1
heavyweight,1
toss,1
kodak,1
spx,1
uncertaintyeconomic,1
sigue,1
previews,1
roster,1
barfield,1
triumphs,1
secondhand,1
bros,1
era,1
phtos,1
cecil,1
spill,1
nieces,1
runkeeper,1
bucks,1
multidimensi,1
yup,1
numbers,1
charmeuse,1
funnyi,1
babality,1
flow,1
terrified,1
awake,1
wod,1
sinistras,1
vector,1
playa,1
urself,1
dudes,1
pascal,1
referencereference,1
tbh,1
gostei,1
ensued,1
tagged,1
coerced,1
tournaments,1
privilege,1
mannequin,1
tends,1
ants,1
rlyeh,1
circa,1
polit,1
noi,1
exits,1
monday,1
healed,1
candidates,1
transcription,1
simulation,1
buddha,1
itblank,1
plastic,1
farms,1
sandbox,1
bird,1
briefcase,1
laura,1
shake,1
ab,1
chachi,1
instantly,1
cure,1
ssu,1
neil,1
apr,1
atcha,1
lavatory,1
unknowingly,1
istg,1
mcr,1
presley,1
greetings,1
decks,1
selection,1
tend,1
premier,1
schism,1
browsers,1
believeis,1
agent,1
unhappy,1
subatomic,1
lying,1
station,1
commit,1
morels,1
kuzouma,1
billion,1
planing,1
drank,1
hotboy,1
flight,1
josie,1
fly,1
govern,1
lifeguard,1
frickin,1
pokemon,1
satin,1
respects,1
yumiko,1
jus,1
deny,1
chick,1
lisp,1
coffins,1
karnal,1
indie,1
toughens,1
bouta,1
alrightbut,1
arriving,1
jasmines,1
henley,1
bitten,1
whatevs,1
praying,1
cutest,1
recommended,1
dat,1
historic,1
titty,1
funko,1
richardson,1
commons,1
lbr,1
pour,1
deserved,1
connects,1
keithyy,1
permission,1
caring,1
glen,1
lightbulb,1
cafe,1
prez,1
gunman,1
wilden,1
paeds,1
reined,1
stab,1
discuss,1
listings,1
centers,1
inflict,1
context,1
brasswork,1
apocalypsegf,1
alas,1
cooperstown,1
floyd,1
darsena,1
coat,1
corals,1
strips,1
delusion,1
ought,1
wholesale,1
calmly,1
gohan,1
consultative,1
lujo,1
preseason,1
paabout,1
cuff,1
ashley,1
queenmy,1
chartreuse,1
lyndon,1
firework,1
byr,1
sustainable,1
hipster,1
partys,1
civility,1
hehe,1
troye,1
matthews,1
fiery,1
washable,1
ads,1
amsurprised,1
herself,1
cement,1
jerusalem,1
rifle,1
chevrolet,1
mechanical,1
roadid,1
conflict,1
preset,1
raised,1
womb,1
wisconsin,1
licensed,1
helicopters,1
spurgeon,1
balanced,1
rebound,1
champ,1
luv,1
lind,1
follows,1
mans,1
bounds,1
hearacing,1
deniers,1
fleek,1
apologise,1
shicompany,1
siena,1
rainstormmy,1
mullah,1
dollars,1
icy,1
champaign,1
production,1
bigsby,1
sell,1
endangered,1
ru,1
martial,1
rotations,1
hrsto,1
recognised,1
landolina,1
aspect,1
fricken,1
guage,1
sometimesi,1
grille,1
forrestmankins,1
churchs,1
uruan,1
components,1
tha,1
bel,1
erykah,1
radler,1
lucksave,1
cawas,1
con,1
outburst,1
nars,1
dazzle,1
furst,1
recording,1
vital,1
defending,1
srsly,1
definition,1
fujiwara,1
collar,1
disturbances,1
strap,1
mln,1
pale,1
ryt,1
quit,1
forefathers,1
carried,1
goofballs,1
talkin,1
brewing,1
nuh,1
fousey,1
philly,1
disasteri,1
hazardsdisaster,1
clothesless,1
kellys,1
doritos,1
sxleak,1
typewriter,1
mosquitoes,1
cindy,1
cocoa,1
keeping,1
acesse,1
throughout,1
censorship,1
northumbria,1
noemotion,1
redesigned,1
deactivate,1
esteemed,1
autobiography,1
natalie,1
stolen,1
amlistening,1
breathing,1
fuckboy,1
staseeing,1
wc,1
perpetrators,1
denial,1
khrones,1
spyro,1
roblox,1
ov,1
platform,1
campbell,1
recip,1
cuyahoga,1
retirement,1
rv,1
tallest,1
experiences,1
garza,1
innovative,1
kijimamatako,1
fitba,1
spreads,1
socialtimes,1
climbed,1
elven,1
pounded,1
veins,1
holtz,1
stefano,1
lmaovv,1
sounders,1
tweeting,1
backs,1
llook,1
enabling,1
fireman,1
stathrowing,1
armys,1
commerce,1
kraft,1
susinesses,1
heartwarming,1
farewell,1
oddball,1
propelled,1
dixie,1
nawh,1
wron,1
seats,1
austin,1
steven,1
crowe,1
slipper,1
oth,1
oliver,1
lhh,1
huyou,1
concussion,1
designer,1
initiative,1
denali,1
trey,1
bloomberg,1
messiah,1
eighth,1
knives,1
katrina,1
broad,1
expander,1
harder,1
malaysia,1
avi,1
yiraneuni,1
ascend,1
flechadas,1
srs,1
dren,1
outage,1
flavored,1
admit,1
familiar,1
roles,1
southern,1
wbre,1
violated,1
retroactive,1
urg,1
pavi,1
kus,1
dojo,1
documents,1
leaning,1
sep,1
screamsdont,1
tbr,1
killedinjured,1
rockin,1
noel,1
attained,1
segas,1
tweak,1
watchin,1
lolim,1
tulowitzki,1
indecency,1
husband,1
aunt,1
gemstone,1
iphoto,1
pluto,1
savour,1
recruitment,1
subscription,1
udom,1
skateboards,1
queer,1
ns,1
imagini,1
fantabulous,1
pbx,1
salman,1
canceling,1
moseby,1
thorins,1
hysteria,1
biolab,1
wsvrb,1
anew,1
landscapes,1
fundamentals,1
forecast,1
generic,1
jak,1
lakes,1
isn,1
hendricks,1
quadrillion,1
rejoice,1
dualcom,1
managers,1
golfball,1
novels,1
emilio,1
gene,1
factual,1
bong,1
sincerely,1
dakota,1
adidas,1
toenail,1
nurgle,1
counselors,1
misstep,1
barbaric,1
bowknot,1
backed,1
vape,1
yorkshire,1
fez,1
indot,1
bump,1
wouldelectrocute,1
lowered,1
nowhere,1
industrial,1
sothwest,1
improved,1
ts,1
interlaken,1
robbie,1
nelson,1
engle,1
grizzly,1
andgot,1
hubris,1
mask,1
silas,1
molys,1
bounty,1
amazin,1
alec,1
thu,1
warne,1
mattress,1
trends,1
television,1
gap,1
hotspot,1
animations,1
minus,1
starving,1
speculation,1
cj,1
machismo,1
showwent,1
goonda,1
onnnn,1
penalty,1
mirrors,1
heroine,1
chopped,1
beige,1
offspring,1
restaurants,1
moving,1
student,1
commodity,1
imminent,1
roar,1
badly,1
declares,1
torching,1
saumur,1
crystals,1
panther,1
beautifully,1
nueva,1
persons,1
foundation,1
ltbgtchocolateltbgt,1
batter,1
ga,1
ferry,1
bestseller,1
gambit,1
screenshot,1
molecularly,1
nkea,1
boeing,1
whelen,1
kooks,1
fizzy,1
celebrities,1
ofnsixjks,1
gulfpoenergy,1
terror,1
itsllikely,1
mariah,1
wasting,1
influenced,1
sensei,1
ace,1
gentlementhe,1
milita,1
coleslaw,1
erally,1
vampires,1
snort,1
surely,1
pan,1
bradley,1
nope,1
norse,1
merged,1
spotting,1
tookem,1
soout,1
kno,1
gasparc,1
luke,1
arcade,1
lured,1
fergie,1
dull,1
awwww,1
legend,1
pitched,1
cherokee,1
bike,1
cryibg,1
documentary,1
dravet,1
overflow,1
beforeitsnews,1
australians,1
redbull,1
reminded,1
amglad,1
euro,1
crews,1
apaover,1
individl,1
blaise,1
veil,1
hazardwillian,1
walls,1
tdm,1
sicily,1
shatter,1
cousince,1
relevance,1
simplify,1
hmmm,1
redeemer,1
curing,1
agencies,1
instruction,1
cooper,1
reduces,1
libs,1
lone,1
peoplegt,1
walmais,1
earl,1
cutlery,1
drinkers,1
carnage,1
rainbows,1
rescuing,1
translated,1
privacy,1
watchout,1
fraction,1
gmmbc,1
paci,1
further,1
kiev,1
directing,1
whales,1
backpack,1
tight,1
ltgaspgt,1
baan,1
pampered,1
sample,1
wale,1
denying,1
harshness,1
chowchilla,1
devise,1
certainty,1
homeland,1
jackass,1
michel,1
situation,1
overpriced,1
pretend,1
launch,1
deo,1
noodles,1
maddie,1
figures,1
beginnings,1
kia,1
stato,1
notmakeitup,1
psychic,1
shove,1
puddle,1
marge,1
freeman,1
clock,1
overcome,1
claiborne,1
traveling,1
sworn,1
presbad,1
rainier,1
dealer,1
adjuster,1
cage,1
thread,1
cruises,1
amplifier,1
cooperation,1
trails,1
conservation,1
geysers,1
rank,1
brigade,1
director,1
frost,1
gabon,1
offices,1
tides,1
sobbing,1
uncomfortable,1
floral,1
creeper,1
thursdays,1
mortar,1
descended,1
mat,1
calculates,1
reworked,1
radios,1
smokey,1
thriving,1
assume,1
jimin,1
saver,1
patron,1
mock,1
brass,1
depreciations,1
arin,1
amspeaking,1
starks,1
brooo,1
meelllttting,1
dotish,1
glacier,1
respondents,1
intrigued,1
gently,1
difficulty,1
instagrams,1
protein,1
legislation,1
lipstick,1
urbanisation,1
shaping,1
battles,1
nominates,1
math,1
del,1
sofa,1
charlize,1
madison,1
alert,1
modest,1
nanotech,1
mild,1
main,1
fury,1
spammers,1
oppa,1
distributed,1
finding,1
boyd,1
blasting,1
publicityalthough,1
ornament,1
durban,1
pak,1
kijangbank,1
seashore,1
petersens,1
messengers,1
livin,1
oz,1
suffered,1
lesbian,1
deathholy,1
divine,1
ahhhh,1
swallowed,1
shay,1
foiled,1
hurry,1
setanta,1
headisease,1
sarumi,1
bbm,1
chip,1
abandoning,1
camden,1
orchid,1
troy,1
trophies,1
fried,1
purpose,1
whitt,1
reprocussions,1
frontin,1
aaaa,1
prevalent,1
safes,1
surfers,1
unknown,1
srk,1
unsigned,1
screeching,1
flared,1
argentina,1
folding,1
butiqob,1
customs,1
evangelical,1
laboratory,1
deejayempiresound,1
hush,1
seed,1
source,1
wash,1
heysundowns,1
jariana,1
flour,1
uplifting,1
chiang,1
mashup,1
hhs,1
suppoyou,1
differ,1
difficulties,1
prolly,1
ordained,1
mourning,1
thankkk,1
panties,1
epiphanes,1
smoky,1
bailed,1
qanda,1
redeem,1
jumper,1
takin,1
resulting,1
kuznetsova,1
smaller,1
motogp,1
noooo,1
strain,1
foursquare,1
dolla,1
champions,1
reply,1
employee,1
misha,1
saku,1
ifs,1
boringdead,1
strongly,1
lore,1
dive,1
doone,1
ella,1
itsmelltaste,1
politicians,1
skyler,1
unfair,1
nude,1
census,1
bangandmy,1
logistics,1
waimea,1
screwed,1
argsuppose,1
pacquiao,1
flamethrower,1
mums,1
baskets,1
diasporas,1
fiasco,1
incapable,1
priorities,1
shouting,1
whyor,1
forsee,1
buts,1
popcorn,1
superintendent,1
dumb,1
everytime,1
pl,1
per,1
maailiss,1
itscreams,1
icaseit,1
lzktjnox,1
ands,1
greystone,1
happing,1
cascada,1
athou,1
powerwow,1
enders,1
serbian,1
cte,1
ward,1
marvellous,1
parked,1
zip,1
phandom,1
ibeto,1
diesis,1
bromleythe,1
alpha,1
gtmaintenance,1
legacy,1
cometh,1
users,1
replacement,1
pledge,1
uncontrollable,1
summit,1
vol,1
declined,1
compassion,1
satellite,1
utd,1
stump,1
rpn,1
dqsvyusy,1
drum,1
financially,1
dried,1
undergroundbestsellers,1
fossil,1
clash,1
aberdeen,1
attitude,1
creeping,1
grounded,1
powder,1
willow,1
mistrustful,1
breakdown,1
conning,1
touched,1
khaki,1
derivatives,1
antioch,1
bp,1
revolutionblight,1
copies,1
lily,1
weve,1
offsite,1
ce,1
pastie,1
clancy,1
kerry,1
clay,1
racial,1
demis,1
diin,1
commences,1
dummies,1
barring,1
preparedelectrocutedboiling,1
gtlt,1
summerslam,1
wisdom,1
souda,1
laudner,1
gards,1
faster,1
begging,1
bruv,1
beef,1
gambia,1
adjusted,1
tarmineta,1
hears,1
nuggets,1
gf,1
conspiracy,1
safeco,1
independence,1
waiver,1
jihad,1
delanys,1
clips,1
warrior,1
describe,1
ninja,1
andwanted,1
tail,1
happily,1
zzzz,1
oregon,1
mango,1
incredibly,1
suites,1
ignoranceshe,1
neighborhood,1
philippines,1
nothe,1
heheh,1
lloyd,1
angers,1
grandma,1
signatureschange,1
beckoning,1
lzkely,1
sedar,1
js,1
mobile,1
prophecy,1
ownership,1
nova,1
cobes,1
cest,1
wnw,1
pronouncing,1
airhead,1
attractive,1
coiffed,1
realtime,1
fluctuations,1
endlessly,1
ermac,1
muse,1
brace,1
ransomware,1
ram,1
imaging,1
invincible,1
looney,1
danny,1
sectors,1
luhan,1
frothy,1
stony,1
earthquakes,1
gander,1
lvg,1
sifting,1
mizzou,1
psalm,1
cups,1
timestack,1
mics,1
fain,1
ironman,1
typhoon,1
metroid,1
frying,1
walter,1
yorker,1
santos,1
majesty,1
blinker,1
gecko,1
epoch,1
laden,1
verge,1
nikki,1
hampered,1
andre,1
eur,1
shii,1
unfilled,1
sanctioned,1
eyecenter,1
donington,1
wizard,1
dialyses,1
dell,1
exacerbated,1
actin,1
goodbye,1
tourists,1
grapes,1
su,1
albums,1
lubrication,1
minister,1
robotrainstorm,1
pages,1
ls,1
noooooooooooo,1
constitutional,1
tactics,1
piano,1
touching,1
pin,1
lopez,1
nrc,1
spying,1
birb,1
omggggi,1
possibility,1
constellation,1
trillion,1
fatburning,1
suppose,1
dabbed,1
shield,1
dajaal,1
towing,1
kayla,1
enemity,1
droppd,1
batting,1
usw,1
impending,1
duties,1
plastics,1
businessman,1
periscope,1
lotg,1
dadwho,1
conversations,1
berlin,1
uvopwz,1
jackman,1
baekhyun,1
wew,1
agalloch,1
hicksville,1
isaiah,1
downtime,1
kills,1
panik,1
smell,1
consistently,1
proxy,1
tinted,1
resolved,1
customer,1
johns,1
gasping,1
zipper,1
newslv,1
oppose,1
decorating,1
ate,1
stayed,1
troublemany,1
immune,1
brb,1
texans,1
aladdin,1
jesse,1
tfw,1
hairdryer,1
trooper,1
simmering,1
ambleside,1
riser,1
bilingual,1
togthe,1
grew,1
silentmind,1
gtas,1
somalia,1
sketch,1
sued,1
dears,1
drayesha,1
amicos,1
buyout,1
speculatio,1
progressive,1
mhtwfnet,1
ankles,1
lolo,1
cervelli,1
sni,1
faminemega,1
oldest,1
planes,1
wordk,1
skimmed,1
stunningly,1
masses,1
corn,1
orpik,1
glory,1
tribez,1
kotolily,1
snipe,1
fascinating,1
reallyalready,1
campfire,1
russaky,1
edcxo,1
painthey,1
swivels,1
coudismissed,1
oils,1
aliens,1
eovm,1
igs,1
rss,1
tn,1
severing,1
vast,1
adults,1
aworlds,1
rained,1
replaced,1
efs,1
congrats,1
keurig,1
survey,1
caesars,1
anonymous,1
rly,1
surf,1
tittie,1
kdr,1
organ,1
ev,1
mycareer,1
babe,1
whensoever,1
arceen,1
millions,1
clicca,1
clelliyou,1
confused,1
namekians,1
brbrs,1
vibe,1
joboozoso,1
ssb,1
collateral,1
injuryi,1
mypillowstudio,1
smashing,1
goodells,1
touchdown,1
girlsgirlsboys,1
entirely,1
jbumzqpk,1
postexistence,1
wakho,1
iraq,1
esevu,1
zmne,1
firefighters,1
bridges,1
converting,1
kindersley,1
sticky,1
particularly,1
coats,1
tsipras,1
pusssssssssy,1
speaking,1
blowin,1
rotary,1
growth,1
fu,1
styled,1
nyozi,1
masse,1
tuning,1
qvc,1
pleaded,1
individual,1
kinder,1
allegiance,1
ranked,1
hunting,1
inferno,1
aevents,1
hitsong,1
hoe,1
ssshhheeesshh,1
scientists,1
speed,1
wackoes,1
jaybig,1
catalogue,1
optimistic,1
amburning,1
blinked,1
cheated,1
drako,1
freed,1
unrest,1
embarrassed,1
saudies,1
chopras,1
derailedbenchmark,1
sooo,1
shovel,1
vanessas,1
capable,1
narrator,1
silvery,1
aldridge,1
fwt,1
comfortable,1
guards,1
postponed,1
properly,1
moron,1
mohammed,1
firey,1
tomlinson,1
prophets,1
hirsch,1
amino,1
dnbheaven,1
shaolin,1
rocky,1
reagans,1
sneak,1
eagles,1
dilute,1
stylishly,1
trader,1
triumphant,1
colin,1
polaroids,1
wickett,1
tennessee,1
stacrying,1
heather,1
iowa,1
lattice,1
derivative,1
audit,1
morty,1
superpower,1
scraped,1
hawkhis,1
wider,1
everton,1
marine,1
jailed,1
ridah,1
ghoul,1
drain,1
printed,1
youheat,1
citation,1
buckley,1
spouse,1
kou,1
haley,1
sul,1
hugs,1
tormented,1
ho,1
uv,1
mayflower,1
lyf,1
beisbol,1
rickets,1
scissor,1
sfor,1
sundays,1
itz,1
klitschko,1
totalitarian,1
serephina,1
subsequent,1
dungeon,1
dumbfounded,1
unplug,1
torrent,1
umntu,1
mgs,1
striking,1
insight,1
mph,1
motley,1
para,1
servicin,1
dumbass,1
awesomelove,1
strains,1
catching,1
truly,1
establishment,1
subjected,1
monroes,1
playthrough,1
daysweeks,1
latinoand,1
lightly,1
superv,1
degrees,1
jimmy,1
texting,1
aveblack,1
flatback,1
joeysterling,1
tweeted,1
cans,1
seemly,1
yogupops,1
transgress,1
cools,1
freestyle,1
youno,1
behold,1
hatman,1
ight,1
mirkwood,1
yukis,1
murderous,1
mello,1
forehead,1
otherwisethey,1
lanjut,1
trois,1
craving,1
surgical,1
barcousky,1
vladimir,1
arm,1
maid,1
mixtape,1
postapocalypticflimflam,1
pumpkin,1
labelled,1
brig,1
sentinel,1
meerkat,1
tub,1
skc,1
inspi,1
stat,1
entertainer,1
pittsburgh,1
studio,1
moore,1
dramatic,1
bastard,1
der,1
shadowman,1
boston,1
yep,1
stlnd,1
asian,1
costly,1
fucks,1
foodstand,1
saddledome,1
cerography,1
loaf,1
obsolete,1
disappointing,1
rhiannon,1
rowaa,1
divisions,1
microphone,1
snack,1
havnt,1
bmw,1
browsing,1
cancelled,1
paxton,1
slumber,1
shootas,1
overblown,1
assets,1
odeon,1
joshua,1
buddz,1
dolls,1
petersburg,1
gesserit,1
scattered,1
slow,1
burford,1
unsure,1
sond,1
fulfilling,1
empty,1
ronaldo,1
ally,1
gifts,1
freshly,1
fee,1
engine,1
trickshot,1
pits,1
tapas,1
manor,1
illustration,1
peeped,1
cultsierre,1
understandable,1
choke,1
gore,1
giants,1
listenlive,1
stark,1
aggressif,1
fled,1
assertative,1
cus,1
foxsportscom,1
donald,1
emi,1
pvc,1
value,1
dorette,1
repofrom,1
meter,1
torture,1
psm,1
qave,1
checkout,1
amtrying,1
shitton,1
grave,1
snotgreen,1
amscared,1
cya,1
constant,1
thesensualeye,1
omron,1
tak,1
rag,1
slips,1
ovaries,1
aa,1
giselle,1
sto,1
heartbeat,1
colombian,1
plez,1
propaganda,1
natalia,1
slowpoke,1
sunbathe,1
ma,1
compelling,1
surveys,1
bcuz,1
twos,1
drumstep,1
xekstrin,1
accidently,1
bits,1
finna,1
muffle,1
seeds,1
ambition,1
incinerator,1
colomr,1
charlotte,1
mindless,1
camilas,1
acquire,1
specs,1
wsjthinktank,1
arian,1
demo,1
lad,1
stew,1
fresno,1
convesoon,1
melted,1
fastings,1
ffa,1
neal,1
jennas,1
tora,1
loyalty,1
br,1
beth,1
resemblance,1
crushing,1
oooooohhhh,1
thrown,1
widespread,1
laughs,1
sketchbook,1
partake,1
airhorns,1
friggin,1
irwin,1
leftwich,1
fooled,1
inmate,1
coil,1
builds,1
exquisite,1
ptsd,1
technique,1
revel,1
emts,1
approves,1
suggs,1
piles,1
fem,1
expsed,1
chills,1
damages,1
downgraded,1
striptease,1
assault,1
slept,1
diegt,1
swami,1
cube,1
hopped,1
argue,1
prolong,1
prettyboyshyflizzyshe,1
sequalae,1
cleavage,1
michigan,1
samsung,1
greatly,1
amtonyneal,1
midweek,1
victorias,1
placing,1
innings,1
lennox,1
rumbling,1
inbetween,1
subway,1
superman,1
mulan,1
determine,1
slipping,1
underwood,1
kung,1
casually,1
skiup,1
terms,1
freud,1
specialguest,1
prysmian,1
rascal,1
creelyou,1
yeat,1
delivered,1
highest,1
reflected,1
drones,1
uke,1
snowy,1
kebabtahinipickles,1
holidays,1
rejects,1
reportedly,1
transwomen,1
broader,1
dougkessler,1
vehicles,1
genius,1
arsenal,1
violets,1
mousse,1
adhd,1
supremo,1
dawgs,1
knight,1
payment,1
dignity,1
pilgrims,1
caves,1
stl,1
carmel,1
onesie,1
lighting,1
vocals,1
trafford,1
emotion,1
veg,1
amentary,1
header,1
fatalityuudlk,1
sore,1
joints,1
supporting,1
lateral,1
slew,1
lock,1
turner,1
judith,1
slapping,1
guild,1
paradise,1
elwoods,1
screening,1
svetlana,1
fanged,1
shi,1
palm,1
honduran,1
booty,1
checkedhe,1
appetite,1
melt,1
parks,1
alba,1
mustering,1
quarters,1
sets,1
wha,1
storms,1
damsels,1
ofclans,1
pressed,1
motors,1
italy,1
badu,1
durham,1
ombudsmanship,1
avenged,1
headlines,1
insults,1
paging,1
sorrowful,1
ohlordy,1
curls,1
etoffe,1
bury,1
amdead,1
argentinean,1
cpanel,1
monsters,1
tennis,1
xkdrx,1
edison,1
university,1
uncover,1
amends,1
flexi,1
aquarius,1
uncertain,1
langley,1
borgeous,1
natures,1
learni,1
document,1
serial,1
atv,1
foxa,1
illegals,1
archetype,1
samelsamel,1
kwwwkwwwk,1
cheap,1
knowing,1
treasure,1
firearm,1
rebooting,1
repoby,1
llegaste,1
minors,1
realm,1
gross,1
flakes,1
soni,1
bests,1
eternity,1
bites,1
wrestler,1
ss,1
infantry,1
ripping,1
ministry,1
jet,1
sushi,1
sonia,1
cutting,1
bets,1
ouvir,1
firms,1
septic,1
nades,1
laurent,1
drawing,1
megalpolis,1
yeahs,1
honest,1
adaptation,1
trans,1
poway,1
polluted,1
economically,1
amorfiend,1
crashsterlingwho,1
widout,1
dominance,1
crqck,1
propertycasualty,1
emerges,1
hhahahai,1
meteors,1
minions,1
parli,1
gaia,1
lightrail,1
mushroom,1
cartoony,1
dl,1
medieval,1
corners,1
captives,1
wine,1
eventually,1
attached,1
muschamps,1
mourns,1
tray,1
drums,1
notexplained,1
democratic,1
careerism,1
apropos,1
weirdwell,1
downside,1
vibrator,1
donate,1
firetruck,1
lcb,1
salvador,1
indyfest,1
delay,1
philippine,1
retirees,1
fte,1
fpoj,1
womengirls,1
sputtering,1
border,1
spell,1
kelby,1
referring,1
jhmnye,1
chillin,1
vods,1
remind,1
illusions,1
elvis,1
tahoe,1
deadgirltalking,1
capitalist,1
qnh,1
mh,1
cipinang,1
maintained,1
sumn,1
differently,1
autumnwinter,1
nikoniko,1
reactions,1
sultry,1
lynch,1
upstairs,1
acne,1
boxes,1
warriorcord,1
greater,1
representative,1
auz,1
meds,1
relations,1
stack,1
activision,1
dock,1
campanha,1
favori,1
package,1
grief,1
defects,1
bhp,1
drawn,1
locksmith,1
shar,1
recalled,1
heartbreak,1
scam,1
consciousness,1
smells,1
cycle,1
starve,1
wowo,1
jogger,1
mississauga,1
chesttorso,1
selects,1
gin,1
shoutout,1
warthen,1
embrace,1
da,1
ipo,1
strictly,1
cis,1
nitroglycerin,1
explain,1
gardens,1
heaat,1
reopening,1
nowi,1
quirk,1
brilliant,1
apologize,1
deutsch,1
accordingly,1
riddler,1
feeds,1
billionaires,1
asb,1
relaxing,1
elizabeth,1
crapgamer,1
eerie,1
acronym,1
xvii,1
presidential,1
robemueller,1
dam,1
implicitstatement,1
burp,1
hungover,1
clegg,1
lilourry,1
substantial,1
spilt,1
bk,1
lame,1
deployments,1
tin,1
affected,1
resque,1
rin,1
pci,1
ghostwriter,1
tyrone,1
millennium,1
bomber,1
adoptive,1
searching,1
laced,1
perquisite,1
gio,1
dserialpcilp,1
billionaire,1
agnivesh,1
bids,1
lightman,1
landing,1
poisoned,1
monotonous,1
pumped,1
swiming,1
organizing,1
collectibles,1
firmly,1
festac,1
belie,1
cadusd,1
tagging,1
nflexpertpicks,1
installment,1
passive,1
magnificent,1
admin,1
insult,1
rabbitskin,1
alaskas,1
emblem,1
institute,1
batters,1
abbandoned,1
windwaker,1
electro,1
prints,1
january,1
pops,1
xavier,1
devia,1
auto,1
jaiden,1
lyrically,1
photogenic,1
verdict,1
gamma,1
amalie,1
expansion,1
excessive,1
announces,1
dental,1
awakenings,1
abuseddesolateandlost,1
bae,1
freshman,1
homebuyer,1
delphi,1
winik,1
rec,1
moral,1
absolute,1
colnharun,1
heais,1
harvesting,1
carcinoma,1
reshape,1
nc,1
larious,1
jacquie,1
snapping,1
saudi,1
yell,1
dopest,1
romanatwoodvlogs,1
fears,1
convene,1
shocked,1
jersey,1
twenty,1
baths,1
selfavowed,1
bunting,1
margaret,1
start,1
reimagining,1
gen,1
purchased,1
ferrochrome,1
proc,1
chrissie,1
scifi,1
petting,1
rates,1
vegetarian,1
trunks,1
mp,1
bundled,1
stylist,1
disdain,1
amon,1
whimsy,1
plants,1
nugget,1
reckon,1
cuddling,1
stranded,1
jen,1
appointment,1
portaloos,1
tae,1
stahurting,1
fwd,1
exploding,1
asshell,1
mink,1
rum,1
kabwandi,1
cfc,1
tloz,1
contemporary,1
separated,1
install,1
obtaing,1
hangin,1
bobble,1
jews,1
sivan,1
ham,1
tuned,1
typing,1
espargaro,1
gmail,1
mentaltwitter,1
baked,1
fairgrounds,1
evildead,1
nut,1
whatever,1
stages,1
views,1
spoblue,1
strategyhua,1
baaaack,1
bandolier,1
suho,1
rq,1
systems,1
optioned,1
glasses,1
vir,1
ahamedis,1
wheels,1
rowyso,1
hav,1
texture,1
papa,1
mute,1
soldiers,1
forgive,1
funniest,1
timed,1
sidjsjdjekdjskdjd,1
retooled,1
itrawcwb,1
crucial,1
ykelquiban,1
premiere,1
fuels,1
branch,1
blastedi,1
worried,1
asia,1
wasn,1
recognition,1
motivated,1
prompted,1
purdies,1
ghosts,1
rubbin,1
lifeline,1
renewsit,1
ki,1
scientist,1
yankees,1
austrian,1
morbid,1
doe,1
clueless,1
nuu,1
vulnerability,1
college,1
oup,1
daddy,1
louderthings,1
effoto,1
mas,1
nbn,1
methods,1
pierce,1
mystical,1
lifestyle,1
victim,1
swedish,1
spice,1
interrogation,1
wayward,1
wknd,1
staarmageddon,1
crew,1
dupree,1
engineering,1
wasp,1
strategy,1
fluffy,1
alllll,1
gears,1
clots,1
hwo,1
pageshi,1
grown,1
abstract,1
grabs,1
yuvi,1
productive,1
sterotypical,1
howre,1
charon,1
tractor,1
tattoo,1
broadcast,1
baggage,1
hump,1
balding,1
summers,1
footage,1
clowns,1
expense,1
extent,1
vallerand,1
shoook,1
nightmarish,1
pepperoni,1
impulsive,1
kneel,1
nominations,1
litany,1
goshen,1
elaboration,1
navigate,1
supermarket,1
foreskin,1
ffvii,1
matias,1
lalaloopsy,1
mayweathers,1
yelling,1
suffers,1
noches,1
clapping,1
wayi,1
tlk,1
leones,1
cracks,1
colo,1
decayed,1
wannabe,1
soft,1
ovo,1
gregory,1
pwhvgwax,1
locksmithing,1
exact,1
banki,1
oyster,1
exposed,1
hooligans,1
corii,1
safari,1
knob,1
rescuersthe,1
dolphins,1
approval,1
encouragement,1
qty,1
jax,1
preaching,1
metropolitan,1
featuring,1
xxhjesc,1
concentration,1
regress,1
jasons,1
bairstow,1
cheetos,1
introdesolation,1
competitive,1
frog,1
wahpeton,1
papi,1
elgato,1
mainly,1
olympic,1
maxsys,1
assistant,1
buses,1
inviting,1
fiat,1
yor,1
sexist,1
trestle,1
wasted,1
futurea,1
kissing,1
stil,1
jumps,1
castello,1
olds,1
notorious,1
bhaijaan,1
esports,1
flurry,1
wooden,1
claimin,1
portfolio,1
charges,1
iger,1
otp,1
sedan,1
standardised,1
limits,1
cackling,1
bans,1
sprite,1
favorita,1
amazingness,1
footed,1
grimes,1
refund,1
opal,1
episodes,1
onshit,1
interval,1
mediocrity,1
decals,1
horn,1
ayhhhhhdjjfjrjjrdjjeks,1
runner,1
edk,1
european,1
totalitarianism,1
immensely,1
clipuri,1
isle,1
wout,1
pills,1
shunichiro,1
lim,1
wished,1
aar,1
breath,1
hunk,1
wander,1
kevin,1
gigant,1
stavola,1
homeowners,1
forrest,1
anthology,1
liberal,1
empathy,1
publications,1
caaaaaall,1
six,1
unexplainable,1
specialists,1
programme,1
nine,1
messages,1
woodchucks,1
thh,1
slosher,1
possesion,1
mcfadden,1
realistic,1
prosser,1
violin,1
cainsuch,1
wonderfully,1
puff,1
commentes,1
mizuta,1
collins,1
censor,1
cites,1
ellie,1
barber,1
lurkin,1
osage,1
silenced,1
glononium,1
ignored,1
gospel,1
frisat,1
tracklist,1
frankly,1
antichrist,1
lmfaoooo,1
understood,1
acura,1
kanger,1
twx,1
barkevious,1
clinical,1
coverage,1
prodding,1
authorities,1
cow,1
idp,1
yeaahh,1
donations,1
scheer,1
pt,1
ponting,1
weekends,1
gasoline,1
cst,1
wipp,1
butthe,1
deathusa,1
capoeira,1
nudes,1
fitz,1
notre,1
trinna,1
loretta,1
unarmed,1
rooms,1
klondike,1
mexico,1
busted,1
dune,1
usagi,1
invzices,1
aannnnd,1
cucks,1
peice,1
marketers,1
sidewalk,1
ameribag,1
studded,1
relegation,1
thrusts,1
amrrsb,1
spartans,1
homers,1
taint,1
boring,1
roskomnadzor,1
unhinged,1
plumbing,1
muslimsterrorism,1
detains,1
tremors,1
bin,1
chris,1
yosemite,1
wfries,1
mounts,1
fondness,1
faceless,1
hond,1
couoks,1
mazda,1
wristband,1
format,1
deadpool,1
sacrifice,1
deepak,1
greyjoys,1
harrowing,1
sizygwwf,1
kindof,1
downfall,1
bigstar,1
afghan,1
glue,1
swept,1
alcoholismaddiction,1
deliver,1
kidneys,1
polar,1
advertise,1
amlaighign,1
huhis,1
labour,1
unprecedented,1
stripped,1
slating,1
mcclain,1
ish,1
masonite,1
zayn,1
clue,1
mages,1
romantic,1
aesop,1
uhhhhh,1
sally,1
coefficient,1
awards,1
throat,1
bloorossington,1
puts,1
mileena,1
durability,1
modernized,1
boutta,1
bounce,1
qzloremft,1
bushman,1
rhinestone,1
tod,1
robeballews,1
utp,1
bookanother,1
cummerbund,1
ali,1
soc,1
web,1
predicted,1
stasampling,1
opener,1
tawfmcaw,1
cuffed,1
idki,1
banana,1
patriot,1
xl,1
cannon,1
closely,1
cooool,1
theatres,1
aris,1
harmony,1
alabama,1
academia,1
flipped,1
requiem,1
bene,1
kmatakobot,1
ip,1
sunnis,1
sales,1
shortfalls,1
lpunbiggiewrap,1
jitsu,1
portrait,1
colorism,1
adorable,1
partially,1
specialize,1
arabic,1
inspection,1
ronald,1
shutdown,1
modi,1
loudest,1
hood,1
guardrails,1
bullet,1
amhosullivanx,1
tozlet,1
fierce,1
monster,1
tcc,1
realization,1
resin,1
avengers,1
careen,1
tbs,1
macabrelolita,1
janice,1
competence,1
dangling,1
veggies,1
salted,1
caroline,1
musicvideo,1
routing,1
quarrel,1
rworldnews,1
carted,1
bonus,1
faq,1
satoshis,1
kicking,1
rocks,1
damnnnn,1
witnessed,1
backroom,1
wmiddle,1
hoes,1
fighter,1
mulberry,1
coalitions,1
healingreviving,1
hairy,1
dictator,1
scratching,1
pardon,1
sabotagei,1
schulz,1
spoil,1
memorable,1
horizon,1
patwo,1
vortex,1
disasterso,1
clerical,1
costa,1
testy,1
swords,1
sugar,1
prestige,1
goodnight,1
spongea,1
rang,1
mere,1
disagreements,1
banquet,1
wilsons,1
teamo,1
reqd,1
endorsement,1
gaining,1
goulding,1
sposexuality,1
attending,1
slideshare,1
indianapolis,1
toward,1
tie,1
cramp,1
inciting,1
brick,1
commodities,1
ime,1
marr,1
priest,1
xvi,1
vhs,1
doctors,1
checking,1
trivium,1
esse,1
mmmmmm,1
imprison,1
rite,1
joes,1
dragonvale,1
facemarvins,1
tuffers,1
pigeon,1
whitewalkers,1
cara,1
tournament,1
dibike,1
wreckage,1
hogan,1
ugliest,1
caruana,1
hrs,1
troll,1
rationing,1
venture,1
wenger,1
lifted,1
isi,1
alrighty,1
firemen,1
breakfast,1
tj,1
violators,1
coffees,1
underwriter,1
sessions,1
skype,1
opera,1
apafrom,1
idek,1
african,1
agochicago,1
deconstruct,1
charge,1
infected,1
catechize,1
billiton,1
antony,1
sirensand,1
shifted,1
scofield,1
cycling,1
marinading,1
ibiza,1
baiting,1
jaileens,1
usg,1
effective,1
islam,1
native,1
november,1
hay,1
cher,1
funds,1
surety,1
comings,1
itd,1
directly,1
thranduil,1
shantae,1
preferably,1
personnel,1
staged,1
doll,1
googlemaps,1
introducing,1
phantom,1
jamaicans,1
discount,1
tryouts,1
votes,1
fosterfloyd,1
zar,1
covering,1
forgotten,1
wut,1
tindering,1
sliced,1
span,1
debates,1
brief,1
liqd,1
ye,1
vichardy,1
retainers,1
wise,1
instincts,1
missy,1
answered,1
scout,1
virgil,1
trident,1
ja,1
encouraging,1
pretenses,1
santiago,1
wrinkled,1
jfc,1
knees,1
daviss,1
chose,1
fe,1
dame,1
fonts,1
credits,1
scotiabank,1
ignorant,1
robbed,1
habit,1
produc,1
piss,1
itsuited,1
zipped,1
omars,1
victimiser,1
lvl,1
marek,1
couruling,1
overloaded,1
tosu,1
disillusioned,1
shoin,1
invented,1
hushhes,1
pogo,1
pisco,1
andstory,1
truths,1
fanboys,1
glitch,1
plantations,1
mockery,1
gastric,1
competitor,1
sins,1
resilience,1
fanbase,1
upwindstorm,1
deeds,1
react,1
reblogged,1
pickup,1
pacing,1
closet,1
shocatastrophe,1
itsounds,1
lean,1
ratings,1
vai,1
atlantic,1
monologue,1
harassment,1
splatling,1
mirad,1
slower,1
matako,1
afrikaan,1
syjexo,1
parental,1
ipa,1
controllers,1
readiness,1
intensity,1
nataly,1
coulda,1
prem,1
foolish,1
thriller,1
passion,1
scabs,1
nite,1
manservant,1
likened,1
mutilated,1
tactical,1
tahoeblazeravalanches,1
kiss,1
investment,1
surprises,1
danielle,1
cumberbatch,1
yelled,1
padres,1
beauty,1
misery,1
texts,1
metro,1
fence,1
obviously,1
confidential,1
battling,1
stray,1
losers,1
subtlety,1
givingevidence,1
remixes,1
fishing,1
thda,1
tone,1
